Result,Margin,Toss,Bat,Opposition,Ground,Start Date,Country
won,85 runs,lost,1st,v India,Kolkata,3 Jan 2013,Pakistan
lost,85 runs,won,2nd,v Pakistan,Kolkata,3 Jan 2013,India
lost,10 runs,lost,2nd,v India,Delhi,6 Jan 2013,Pakistan
won,10 runs,won,1st,v Pakistan,Delhi,6 Jan 2013,India
lost,107 runs,lost,2nd,v Australia,Melbourne,11 Jan 2013,SriLanka
won,107 runs,won,1st,v Sri Lanka,Melbourne,11 Jan 2013,Australia
lost,9 runs,lost,2nd,v England,Rajkot,11 Jan 2013,India
won,9 runs,won,1st,v India,Rajkot,11 Jan 2013,England
won,8 wickets,won,2nd,v Australia,Adelaide,13 Jan 2013,SriLanka
lost,8 wickets,lost,1st,v Sri Lanka,Adelaide,13 Jan 2013,Australia
won,127 runs,won,1st,v England,Kochi,15 Jan 2013,India
lost,127 runs,lost,2nd,v India,Kochi,15 Jan 2013,England
won,4 wickets,lost,2nd,v Australia,Brisbane,18 Jan 2013,SriLanka
lost,4 wickets,won,1st,v Sri Lanka,Brisbane,18 Jan 2013,Australia
won,7 wickets,won,2nd,v England,Ranchi,19 Jan 2013,India
lost,7 wickets,lost,1st,v India,Ranchi,19 Jan 2013,England
lost,1 wickets,lost,1st,v New Zealand,Paarl,19 Jan 2013,SouthAfrica
won,1 wickets,won,2nd,v South Africa,Paarl,19 Jan 2013,Newzealad
n/r,-,lost,2nd,v Australia,Sydney,20 Jan 2013,SriLanka
n/r,-,won,1st,v Sri Lanka,Sydney,20 Jan 2013,Australia
lost,27 runs,won,2nd,v New Zealand,Kimberley,22 Jan 2013,SouthAfrica
won,27 runs,lost,1st,v South Africa,Kimberley,22 Jan 2013,Newzealad
lost,32 runs,won,2nd,v Australia,Hobart,23 Jan 2013,SriLanka
won,32 runs,lost,1st,v Sri Lanka,Hobart,23 Jan 2013,Australia
won,5 wickets,won,2nd,v England,Mohali,23 Jan 2013,India
lost,5 wickets,lost,1st,v India,Mohali,23 Jan 2013,England
won,1 wickets,lost,2nd,v New Zealand,Potchefstroom,25 Jan 2013,SouthAfrica
lost,1 wickets,won,1st,v South Africa,Potchefstroom,25 Jan 2013,Newzealad
lost,7 wickets,lost,1st,v England,Dharamsala,27 Jan 2013,India
won,7 wickets,won,2nd,v India,Dharamsala,27 Jan 2013,England
lost,9 wickets,won,1st,v Australia,Perth,1 Feb 2013,WestIndies
won,9 wickets,lost,2nd,v West Indies,Perth,1 Feb 2013,Australia
lost,54 runs,won,2nd,v Australia,Perth,3 Feb 2013,WestIndies
won,54 runs,lost,1st,v West Indies,Perth,3 Feb 2013,Australia
lost,39 runs,lost,2nd,v Australia,Canberra,6 Feb 2013,WestIndies
won,39 runs,won,1st,v West Indies,Canberra,6 Feb 2013,Australia
lost,5 wickets,won,1st,v Australia,Sydney,8 Feb 2013,WestIndies
won,5 wickets,lost,2nd,v West Indies,Sydney,8 Feb 2013,Australia
lost,17 runs,won,2nd,v Australia,Melbourne,10 Feb 2013,WestIndies
won,17 runs,lost,1st,v West Indies,Melbourne,10 Feb 2013,Australia
won,3 wickets,won,2nd,v England,Hamilton,17 Feb 2013,Newzealad
lost,3 wickets,lost,1st,v New Zealand,Hamilton,17 Feb 2013,England
lost,8 wickets,lost,1st,v England,Napier,20 Feb 2013,Newzealad
won,8 wickets,won,2nd,v New Zealand,Napier,20 Feb 2013,England
won,156 runs,lost,1st,v Zimbabwe,St George's,22 Feb 2013,WestIndies
lost,5 wickets,lost,1st,v England,Auckland,23 Feb 2013,Newzealad
won,5 wickets,won,2nd,v New Zealand,Auckland,23 Feb 2013,England
won,7 wickets,lost,2nd,v Zimbabwe,St George's,24 Feb 2013,WestIndies
won,5 wickets,lost,2nd,v Zimbabwe,St George's,26 Feb 2013,WestIndies
won,7 wickets,lost,2nd,v Scotland,Sharjah,6 Mar 2013,Afghanistan
won,5 wickets,won,2nd,v Scotland,Sharjah,8 Mar 2013,Afghanistan
won,125 runs,lost,1st,v Pakistan,Bloemfontein,10 Mar 2013,SouthAfrica
lost,125 runs,won,2nd,v South Africa,Bloemfontein,10 Mar 2013,Pakistan
lost,6 wickets,won,1st,v Pakistan,Centurion,15 Mar 2013,SouthAfrica
won,6 wickets,lost,2nd,v South Africa,Centurion,15 Mar 2013,Pakistan
won,34 runs,lost,1st,v Pakistan,Johannesburg,17 Mar 2013,SouthAfrica
lost,34 runs,won,2nd,v South Africa,Johannesburg,17 Mar 2013,Pakistan
lost,3 wickets,won,1st,v Pakistan,Durban,21 Mar 2013,SouthAfrica
won,3 wickets,lost,2nd,v South Africa,Durban,21 Mar 2013,Pakistan
won,8 wickets,won,2nd,v Bangladesh,Hambantota,23 Mar 2013,SriLanka
lost,8 wickets,lost,1st,v Sri Lanka,Hambantota,23 Mar 2013,Bangladesh
won,6 wickets,lost,2nd,v Pakistan,Benoni,24 Mar 2013,SouthAfrica
lost,6 wickets,won,1st,v South Africa,Benoni,24 Mar 2013,Pakistan
n/r,-,lost,1st,v Bangladesh,Hambantota,25 Mar 2013,SriLanka
n/r,-,won,2nd,v Sri Lanka,Hambantota,25 Mar 2013,Bangladesh
lost,3 wickets,won,1st,v Bangladesh,Pallekele,28 Mar 2013,SriLanka
won,3 wickets,lost,2nd,v Sri Lanka,Pallekele,28 Mar 2013,Bangladesh
won,121 runs,lost,1st,v Zimbabwe,Bulawayo,3 May 2013,Bangladesh
lost,6 wickets,lost,1st,v Zimbabwe,Bulawayo,5 May 2013,Bangladesh
lost,7 wickets,lost,1st,v Zimbabwe,Bulawayo,8 May 2013,Bangladesh
won,96 runs,won,1st,v Scotland,Edinburgh,17 May 2013,Pakistan
aban,-,-,-,v Scotland,Edinburgh,19 May 2013,Pakistan
tied,-,won,1st,v Ireland,Dublin,23 May 2013,Pakistan
won,2 wickets,won,2nd,v Ireland,Dublin,26 May 2013,Pakistan
won,83 runs,won,1st,v Netherlands,Amstelveen,31 May 2013,SouthAfrica
won,5 wickets,won,2nd,v England,Lord's,31 May 2013,Newzealad
lost,5 wickets,lost,1st,v New Zealand,Lord's,31 May 2013,England
won,86 runs,won,1st,v England,Southampton,2 Jun 2013,Newzealad
lost,86 runs,lost,2nd,v New Zealand,Southampton,2 Jun 2013,England
lost,34 runs,won,2nd,v England,Nottingham,5 Jun 2013,Newzealad
won,34 runs,lost,1st,v New Zealand,Nottingham,5 Jun 2013,England
lost,26 runs,won,2nd,v India,Cardiff,6 Jun 2013,SouthAfrica
won,26 runs,lost,1st,v South Africa,Cardiff,6 Jun 2013,India
won,2 wickets,won,2nd,v Pakistan,The Oval,7 Jun 2013,WestIndies
lost,2 wickets,lost,1st,v West Indies,The Oval,7 Jun 2013,Pakistan
won,48 runs,won,1st,v Australia,Birmingham,8 Jun 2013,England
lost,48 runs,lost,2nd,v England,Birmingham,8 Jun 2013,Australia
lost,1 wickets,won,1st,v New Zealand,Cardiff,9 Jun 2013,SriLanka
won,1 wickets,lost,2nd,v Sri Lanka,Cardiff,9 Jun 2013,Newzealad
won,67 runs,won,1st,v Pakistan,Birmingham,10 Jun 2013,SouthAfrica
lost,67 runs,lost,2nd,v South Africa,Birmingham,10 Jun 2013,Pakistan
lost,8 wickets,lost,1st,v India,The Oval,11 Jun 2013,WestIndies
won,8 wickets,won,2nd,v West Indies,The Oval,11 Jun 2013,India
n/r,-,lost,2nd,v Australia,Birmingham,12 Jun 2013,Newzealad
n/r,-,won,1st,v New Zealand,Birmingham,12 Jun 2013,Australia
won,7 wickets,won,2nd,v England,The Oval,13 Jun 2013,SriLanka
lost,7 wickets,lost,1st,v Sri Lanka,The Oval,13 Jun 2013,England
tied,-,won,2nd,v South Africa,Cardiff,14 Jun 2013,WestIndies
tied,-,lost,1st,v West Indies,Cardiff,14 Jun 2013,SouthAfrica
lost,8 wickets,lost,1st,v India,Birmingham,15 Jun 2013,Pakistan
won,8 wickets,won,2nd,v Pakistan,Birmingham,15 Jun 2013,India
lost,10 runs,won,2nd,v England,Cardiff,16 Jun 2013,Newzealad
won,10 runs,lost,1st,v New Zealand,Cardiff,16 Jun 2013,England
won,20 runs,lost,1st,v Australia,The Oval,17 Jun 2013,SriLanka
lost,20 runs,won,2nd,v Sri Lanka,The Oval,17 Jun 2013,Australia
lost,7 wickets,lost,1st,v England,The Oval,19 Jun 2013,SouthAfrica
won,7 wickets,won,2nd,v South Africa,The Oval,19 Jun 2013,England
lost,8 wickets,lost,1st,v India,Cardiff,20 Jun 2013,SriLanka
won,8 wickets,won,2nd,v Sri Lanka,Cardiff,20 Jun 2013,India
won,5 runs,lost,1st,v England,Birmingham,23 Jun 2013,India
lost,5 runs,won,2nd,v India,Birmingham,23 Jun 2013,England
won,6 wickets,won,2nd,v Sri Lanka,Kingston,28 Jun 2013,WestIndies
lost,6 wickets,lost,1st,v West Indies,Kingston,28 Jun 2013,SriLanka
won,1 wickets,won,2nd,v India,Kingston,30 Jun 2013,WestIndies
lost,1 wickets,lost,1st,v West Indies,Kingston,30 Jun 2013,India
won,161 runs,lost,1st,v India,Kingston,2 Jul 2013,SriLanka
lost,161 runs,won,2nd,v Sri Lanka,Kingston,2 Jul 2013,India
lost,102 runs,won,2nd,v India,Port of Spain,5 Jul 2013,WestIndies
won,102 runs,lost,1st,v West Indies,Port of Spain,5 Jul 2013,India
lost,39 runs,won,2nd,v Sri Lanka,Port of Spain,7 Jul 2013,WestIndies
won,39 runs,lost,1st,v West Indies,Port of Spain,7 Jul 2013,SriLanka
lost,81 runs,won,2nd,v India,Port of Spain,9 Jul 2013,SriLanka
won,81 runs,lost,1st,v Sri Lanka,Port of Spain,9 Jul 2013,India
lost,1 wickets,lost,1st,v India,Port of Spain,11 Jul 2013,SriLanka
won,1 wickets,won,2nd,v Sri Lanka,Port of Spain,11 Jul 2013,India
lost,126 runs,won,2nd,v Pakistan,Providence,14 Jul 2013,WestIndies
won,126 runs,lost,1st,v West Indies,Providence,14 Jul 2013,Pakistan
won,37 runs,lost,1st,v Pakistan,Providence,16 Jul 2013,WestIndies
lost,37 runs,won,2nd,v West Indies,Providence,16 Jul 2013,Pakistan
tied,-,won,2nd,v Pakistan,Gros Islet,19 Jul 2013,WestIndies
tied,-,lost,1st,v West Indies,Gros Islet,19 Jul 2013,Pakistan
won,180 runs,lost,1st,v South Africa,Colombo (RPS),20 Jul 2013,SriLanka
lost,180 runs,won,2nd,v Sri Lanka,Colombo (RPS),20 Jul 2013,SouthAfrica
lost,6 wickets,lost,1st,v Pakistan,Gros Islet,21 Jul 2013,WestIndies
won,6 wickets,won,2nd,v West Indies,Gros Islet,21 Jul 2013,Pakistan
won,17 runs,won,1st,v South Africa,Colombo (RPS),23 Jul 2013,SriLanka
lost,17 runs,lost,2nd,v Sri Lanka,Colombo (RPS),23 Jul 2013,SouthAfrica
won,6 wickets,won,2nd,v Zimbabwe,Harare,24 Jul 2013,India
lost,4 wickets,lost,1st,v Pakistan,Gros Islet,24 Jul 2013,WestIndies
won,4 wickets,won,2nd,v West Indies,Gros Islet,24 Jul 2013,Pakistan
won,58 runs,lost,1st,v Zimbabwe,Harare,26 Jul 2013,India
lost,56 runs,lost,2nd,v South Africa,Pallekele,26 Jul 2013,SriLanka
won,56 runs,won,1st,v Sri Lanka,Pallekele,26 Jul 2013,SouthAfrica
won,7 wickets,won,2nd,v Zimbabwe,Harare,28 Jul 2013,India
won,8 wickets,lost,2nd,v South Africa,Pallekele,28 Jul 2013,SriLanka
lost,8 wickets,won,1st,v Sri Lanka,Pallekele,28 Jul 2013,SouthAfrica
won,128 runs,won,1st,v South Africa,Colombo (RPS),31 Jul 2013,SriLanka
lost,128 runs,lost,2nd,v Sri Lanka,Colombo (RPS),31 Jul 2013,SouthAfrica
won,9 wickets,won,2nd,v Zimbabwe,Bulawayo,1 Aug 2013,India
won,7 wickets,won,2nd,v Zimbabwe,Bulawayo,3 Aug 2013,India
lost,7 wickets,won,1st,v Zimbabwe,Harare,27 Aug 2013,Pakistan
won,90 runs,lost,1st,v Zimbabwe,Harare,29 Aug 2013,Pakistan
won,108 runs,lost,1st,v Zimbabwe,Harare,31 Aug 2013,Pakistan
won,6 wickets,won,2nd,v Ireland,Dublin (Malahide),3 Sep 2013,England
won,200 runs,lost,1st,v Scotland,Edinburgh,3 Sep 2013,Australia
aban,-,-,-,v Australia,Leeds,6 Sep 2013,England
aban,-,-,-,v England,Leeds,6 Sep 2013,Australia
lost,88 runs,won,2nd,v Australia,Manchester,8 Sep 2013,England
won,88 runs,lost,1st,v England,Manchester,8 Sep 2013,Australia
n/r,-,lost,1st,v Australia,Birmingham,11 Sep 2013,England
n/r,-,won,2nd,v England,Birmingham,11 Sep 2013,Australia
won,3 wickets,won,2nd,v Australia,Cardiff,14 Sep 2013,England
lost,3 wickets,lost,1st,v England,Cardiff,14 Sep 2013,Australia
lost,49 runs,lost,2nd,v Australia,Southampton,16 Sep 2013,England
won,49 runs,won,1st,v England,Southampton,16 Sep 2013,Australia
won,8 wickets,lost,2nd,v Kenya,Sharjah,2 Oct 2013,Afghanistan
won,7 wickets,won,2nd,v Kenya,Sharjah,4 Oct 2013,Afghanistan
lost,72 runs,lost,2nd,v Australia,Pune,13 Oct 2013,India
won,72 runs,won,1st,v India,Pune,13 Oct 2013,Australia
won,9 wickets,lost,2nd,v Australia,Jaipur,16 Oct 2013,India
lost,9 wickets,won,1st,v India,Jaipur,16 Oct 2013,Australia
lost,4 wickets,lost,1st,v Australia,Mohali,19 Oct 2013,India
won,4 wickets,won,2nd,v India,Mohali,19 Oct 2013,Australia
n/r,-,won,2nd,v Australia,Ranchi,23 Oct 2013,India
n/r,-,lost,1st,v India,Ranchi,23 Oct 2013,Australia
aban,-,-,-,v Australia,Cuttack,26 Oct 2013,India
aban,-,-,-,v India,Cuttack,26 Oct 2013,Australia
lost,43 runs,won,2nd,v Bangladesh,Dhaka,29 Oct 2013,Newzealad
won,43 runs,lost,1st,v New Zealand,Dhaka,29 Oct 2013,Bangladesh
won,6 wickets,won,2nd,v Australia,Nagpur,30 Oct 2013,India
lost,6 wickets,lost,1st,v India,Nagpur,30 Oct 2013,Australia
won,1 runs,won,1st,v Pakistan,Sharjah,30 Oct 2013,SouthAfrica
lost,1 runs,lost,2nd,v South Africa,Sharjah,30 Oct 2013,Pakistan
lost,40 runs,lost,2nd,v Bangladesh,Dhaka,31 Oct 2013,Newzealad
won,40 runs,won,1st,v New Zealand,Dhaka,31 Oct 2013,Bangladesh
lost,66 runs,lost,2nd,v Pakistan,Dubai (DSC),1 Nov 2013,SouthAfrica
won,66 runs,won,1st,v South Africa,Dubai (DSC),1 Nov 2013,Pakistan
won,57 runs,lost,1st,v Australia,Bengaluru,2 Nov 2013,India
lost,57 runs,won,2nd,v India,Bengaluru,2 Nov 2013,Australia
lost,4 wickets,lost,1st,v Bangladesh,Fatullah,3 Nov 2013,Newzealad
won,4 wickets,won,2nd,v New Zealand,Fatullah,3 Nov 2013,Bangladesh
won,68 runs,won,1st,v Pakistan,Abu Dhabi,6 Nov 2013,SouthAfrica
lost,68 runs,lost,2nd,v South Africa,Abu Dhabi,6 Nov 2013,Pakistan
won,28 runs,won,1st,v Pakistan,Abu Dhabi,8 Nov 2013,SouthAfrica
lost,28 runs,lost,2nd,v South Africa,Abu Dhabi,8 Nov 2013,Pakistan
n/r,-,lost,1st,v New Zealand,Hambantota,10 Nov 2013,SriLanka
n/r,-,won,2nd,v Sri Lanka,Hambantota,10 Nov 2013,Newzealad
won,117 runs,won,1st,v Pakistan,Sharjah,11 Nov 2013,SouthAfrica
lost,117 runs,lost,2nd,v South Africa,Sharjah,11 Nov 2013,Pakistan
lost,4 wickets,won,1st,v New Zealand,Hambantota,12 Nov 2013,SriLanka
won,4 wickets,lost,2nd,v Sri Lanka,Hambantota,12 Nov 2013,Newzealad
won,36 runs,lost,1st,v New Zealand,Dambulla,16 Nov 2013,SriLanka
lost,36 runs,won,2nd,v Sri Lanka,Dambulla,16 Nov 2013,Newzealad
lost,6 wickets,won,1st,v India,Kochi,21 Nov 2013,WestIndies
won,6 wickets,lost,2nd,v West Indies,Kochi,21 Nov 2013,India
won,2 wickets,won,2nd,v India,Visakhapatnam,24 Nov 2013,WestIndies
lost,2 wickets,lost,1st,v West Indies,Visakhapatnam,24 Nov 2013,India
lost,23 runs,lost,2nd,v Pakistan,Cape Town,24 Nov 2013,SouthAfrica
won,23 runs,won,1st,v South Africa,Cape Town,24 Nov 2013,Pakistan
lost,5 wickets,lost,1st,v India,Kanpur,27 Nov 2013,WestIndies
won,5 wickets,won,2nd,v West Indies,Kanpur,27 Nov 2013,India
lost,1 runs,won,2nd,v Pakistan,Port Elizabeth,27 Nov 2013,SouthAfrica
won,1 runs,lost,1st,v South Africa,Port Elizabeth,27 Nov 2013,Pakistan
won,4 wickets,won,2nd,v Pakistan,Centurion,30 Nov 2013,SouthAfrica
lost,4 wickets,lost,1st,v South Africa,Centurion,30 Nov 2013,Pakistan
won,141 runs,lost,1st,v India,Johannesburg,5 Dec 2013,SouthAfrica
lost,141 runs,won,2nd,v South Africa,Johannesburg,5 Dec 2013,India
won,134 runs,lost,1st,v India,Durban,8 Dec 2013,SouthAfrica
lost,134 runs,won,2nd,v South Africa,Durban,8 Dec 2013,India
n/r,-,won,1st,v India,Centurion,11 Dec 2013,SouthAfrica
n/r,-,lost,2nd,v South Africa,Centurion,11 Dec 2013,India
lost,11 runs,lost,2nd,v Pakistan,Sharjah,18 Dec 2013,SriLanka
won,11 runs,won,1st,v Sri Lanka,Sharjah,18 Dec 2013,Pakistan
won,2 wickets,won,2nd,v Pakistan,Dubai (DSC),20 Dec 2013,SriLanka
lost,2 wickets,lost,1st,v Sri Lanka,Dubai (DSC),20 Dec 2013,Pakistan
lost,113 runs,won,2nd,v Pakistan,Sharjah,22 Dec 2013,SriLanka
won,113 runs,lost,1st,v Sri Lanka,Sharjah,22 Dec 2013,Pakistan
lost,8 wickets,won,1st,v Pakistan,Abu Dhabi,25 Dec 2013,SriLanka
won,8 wickets,lost,2nd,v Sri Lanka,Abu Dhabi,25 Dec 2013,Pakistan
won,2 wickets,won,2nd,v New Zealand,Auckland,26 Dec 2013,WestIndies
lost,2 wickets,lost,1st,v West Indies,Auckland,26 Dec 2013,Newzealad
won,2 wickets,lost,2nd,v Pakistan,Abu Dhabi,27 Dec 2013,SriLanka
lost,2 wickets,won,1st,v Sri Lanka,Abu Dhabi,27 Dec 2013,Pakistan
aban,-,-,-,v New Zealand,Napier,29 Dec 2013,WestIndies
aban,-,-,-,v West Indies,Napier,29 Dec 2013,Newzealad
lost,159 runs,won,2nd,v New Zealand,Queenstown,1 Jan 2014,WestIndies
won,159 runs,lost,1st,v West Indies,Queenstown,1 Jan 2014,Newzealad
lost,58 runs,lost,2nd,v New Zealand,Nelson,4 Jan 2014,WestIndies
won,58 runs,won,1st,v West Indies,Nelson,4 Jan 2014,Newzealad
won,203 runs,lost,1st,v New Zealand,Hamilton,8 Jan 2014,WestIndies
lost,203 runs,won,2nd,v West Indies,Hamilton,8 Jan 2014,Newzealad
lost,6 wickets,won,1st,v Australia,Melbourne,12 Jan 2014,England
won,6 wickets,lost,2nd,v England,Melbourne,12 Jan 2014,Australia
lost,1 wickets,won,1st,v Australia,Brisbane,17 Jan 2014,England
won,1 wickets,lost,2nd,v England,Brisbane,17 Jan 2014,Australia
won,24 runs,lost,1st,v India,Napier,19 Jan 2014,Newzealad
lost,24 runs,won,2nd,v New Zealand,Napier,19 Jan 2014,India
lost,7 wickets,won,1st,v Australia,Sydney,19 Jan 2014,England
won,7 wickets,lost,2nd,v England,Sydney,19 Jan 2014,Australia
won,15 runs,lost,1st,v India,Hamilton,22 Jan 2014,Newzealad
lost,15 runs,won,2nd,v New Zealand,Hamilton,22 Jan 2014,India
won,57 runs,lost,1st,v Australia,Perth,24 Jan 2014,England
lost,57 runs,won,2nd,v England,Perth,24 Jan 2014,Australia
tied,-,lost,1st,v India,Auckland,25 Jan 2014,Newzealad
tied,-,won,2nd,v New Zealand,Auckland,25 Jan 2014,India
lost,5 runs,lost,2nd,v Australia,Adelaide,26 Jan 2014,England
won,5 runs,won,1st,v England,Adelaide,26 Jan 2014,Australia
won,7 wickets,lost,2nd,v India,Hamilton,28 Jan 2014,Newzealad
lost,7 wickets,won,1st,v New Zealand,Hamilton,28 Jan 2014,India
won,87 runs,lost,1st,v India,Wellington,31 Jan 2014,Newzealad
lost,87 runs,won,2nd,v New Zealand,Wellington,31 Jan 2014,India
won,13 runs,lost,1st,v Bangladesh,Dhaka,17 Feb 2014,SriLanka
lost,13 runs,won,2nd,v Sri Lanka,Dhaka,17 Feb 2014,Bangladesh
won,61 runs,won,1st,v Bangladesh,Dhaka,20 Feb 2014,SriLanka
lost,61 runs,lost,2nd,v Sri Lanka,Dhaka,20 Feb 2014,Bangladesh
won,6 wickets,won,2nd,v Bangladesh,Dhaka,22 Feb 2014,SriLanka
lost,6 wickets,lost,1st,v Sri Lanka,Dhaka,22 Feb 2014,Bangladesh
won,4 wickets,lost,2nd,v Ireland,Kingston,23 Feb 2014,WestIndies
won,12 runs,won,1st,v Pakistan,Fatullah,25 Feb 2014,SriLanka
lost,12 runs,lost,2nd,v Sri Lanka,Fatullah,25 Feb 2014,Pakistan
won,6 wickets,won,2nd,v Bangladesh,Fatullah,26 Feb 2014,India
lost,6 wickets,lost,1st,v India,Fatullah,26 Feb 2014,Bangladesh
won,72 runs,lost,1st,v Afghanistan,Fatullah,27 Feb 2014,Pakistan
lost,72 runs,won,2nd,v Pakistan,Fatullah,27 Feb 2014,Afghanistan
won,2 wickets,won,2nd,v India,Fatullah,28 Feb 2014,SriLanka
lost,2 wickets,lost,1st,v Sri Lanka,Fatullah,28 Feb 2014,India
won,15 runs,lost,1st,v England,North Sound,28 Feb 2014,WestIndies
lost,15 runs,won,2nd,v West Indies,North Sound,28 Feb 2014,England
lost,32 runs,won,2nd,v Afghanistan,Fatullah,1 Mar 2014,Bangladesh
won,32 runs,lost,1st,v Bangladesh,Fatullah,1 Mar 2014,Afghanistan
won,1 wickets,won,2nd,v India,Dhaka,2 Mar 2014,Pakistan
lost,1 wickets,lost,1st,v Pakistan,Dhaka,2 Mar 2014,India
lost,3 wickets,lost,1st,v England,North Sound,2 Mar 2014,WestIndies
won,3 wickets,won,2nd,v West Indies,North Sound,2 Mar 2014,England
won,129 runs,won,1st,v Afghanistan,Dhaka,3 Mar 2014,SriLanka
lost,129 runs,lost,2nd,v Sri Lanka,Dhaka,3 Mar 2014,Afghanistan
won,3 wickets,lost,2nd,v Bangladesh,Dhaka,4 Mar 2014,Pakistan
lost,3 wickets,won,1st,v Pakistan,Dhaka,4 Mar 2014,Bangladesh
won,8 wickets,won,2nd,v Afghanistan,Dhaka,5 Mar 2014,India
lost,8 wickets,lost,1st,v India,Dhaka,5 Mar 2014,Afghanistan
lost,25 runs,won,2nd,v England,North Sound,5 Mar 2014,WestIndies
won,25 runs,lost,1st,v West Indies,North Sound,5 Mar 2014,England
won,3 wickets,lost,2nd,v Bangladesh,Dhaka,6 Mar 2014,SriLanka
lost,3 wickets,won,1st,v Sri Lanka,Dhaka,6 Mar 2014,Bangladesh
won,5 wickets,lost,2nd,v Pakistan,Dhaka,8 Mar 2014,SriLanka
lost,5 wickets,won,1st,v Sri Lanka,Dhaka,8 Mar 2014,Pakistan
won,6 wickets,won,2nd,v Hong Kong,Kuala Lumpur,1 May 2014,Afghanistan
won,70 runs,lost,1st,v U.A.E.,Kuala Lumpur,2 May 2014,Afghanistan
won,79 runs,lost,1st,v Ireland,Dublin,6 May 2014,SriLanka
aban,-,-,-,v Ireland,Dublin,8 May 2014,SriLanka
won,39 runs,lost,1st,v Scotland,Aberdeen,9 May 2014,England
lost,81 runs,won,2nd,v England,The Oval,22 May 2014,SriLanka
won,81 runs,lost,1st,v Sri Lanka,The Oval,22 May 2014,England
won,157 runs,lost,1st,v England,Chester-le-Street,25 May 2014,SriLanka
lost,157 runs,won,2nd,v Sri Lanka,Chester-le-Street,25 May 2014,England
lost,10 wickets,lost,1st,v England,Manchester,28 May 2014,SriLanka
won,10 wickets,won,2nd,v Sri Lanka,Manchester,28 May 2014,England
won,7 runs,lost,1st,v England,Lord's,31 May 2014,SriLanka
lost,7 runs,won,2nd,v Sri Lanka,Lord's,31 May 2014,England
won,6 wickets,lost,2nd,v England,Birmingham,3 Jun 2014,SriLanka
lost,6 wickets,won,1st,v Sri Lanka,Birmingham,3 Jun 2014,England
won,7 wickets,lost,2nd,v Bangladesh,Dhaka,15 Jun 2014,India
lost,7 wickets,won,1st,v India,Dhaka,15 Jun 2014,Bangladesh
won,47 runs,lost,1st,v Bangladesh,Dhaka,17 Jun 2014,India
lost,47 runs,won,2nd,v India,Dhaka,17 Jun 2014,Bangladesh
n/r,-,won,1st,v Bangladesh,Dhaka,19 Jun 2014,India
n/r,-,lost,2nd,v India,Dhaka,19 Jun 2014,Bangladesh
lost,75 runs,lost,2nd,v South Africa,Colombo (RPS),6 Jul 2014,SriLanka
won,75 runs,won,1st,v Sri Lanka,Colombo (RPS),6 Jul 2014,SouthAfrica
won,87 runs,won,1st,v South Africa,Pallekele,9 Jul 2014,SriLanka
lost,87 runs,lost,2nd,v Sri Lanka,Pallekele,9 Jul 2014,SouthAfrica
lost,82 runs,lost,2nd,v South Africa,Hambantota,12 Jul 2014,SriLanka
won,82 runs,won,1st,v Sri Lanka,Hambantota,12 Jul 2014,SouthAfrica
lost,6 wickets,lost,1st,v Zimbabwe,Bulawayo,18 Jul 2014,Afghanistan
lost,8 wickets,lost,1st,v Zimbabwe,Bulawayo,20 Jul 2014,Afghanistan
won,2 wickets,won,2nd,v Zimbabwe,Bulawayo,22 Jul 2014,Afghanistan
won,100 runs,lost,1st,v Zimbabwe,Bulawayo,24 Jul 2014,Afghanistan
won,93 runs,lost,1st,v Zimbabwe,Bulawayo,17 Aug 2014,SouthAfrica
won,61 runs,lost,1st,v Zimbabwe,Bulawayo,19 Aug 2014,SouthAfrica
won,3 wickets,won,2nd,v Bangladesh,St George's,20 Aug 2014,WestIndies
lost,3 wickets,lost,1st,v West Indies,St George's,20 Aug 2014,Bangladesh
won,7 wickets,won,2nd,v Zimbabwe,Bulawayo,21 Aug 2014,SouthAfrica
won,177 runs,lost,1st,v Bangladesh,St George's,22 Aug 2014,WestIndies
lost,177 runs,won,2nd,v West Indies,St George's,22 Aug 2014,Bangladesh
lost,4 wickets,lost,1st,v Pakistan,Hambantota,23 Aug 2014,SriLanka
won,4 wickets,won,2nd,v Sri Lanka,Hambantota,23 Aug 2014,Pakistan
won,198 runs,lost,1st,v Zimbabwe,Harare,25 Aug 2014,Australia
aban,-,-,-,v England,Bristol,25 Aug 2014,India
aban,-,-,-,v India,Bristol,25 Aug 2014,England
won,91 runs,won,1st,v Bangladesh,Basseterre,25 Aug 2014,WestIndies
lost,91 runs,lost,2nd,v West Indies,Basseterre,25 Aug 2014,Bangladesh
won,77 runs,won,1st,v Pakistan,Hambantota,26 Aug 2014,SriLanka
lost,77 runs,lost,2nd,v Sri Lanka,Hambantota,26 Aug 2014,Pakistan
won,7 wickets,won,2nd,v Australia,Harare,27 Aug 2014,SouthAfrica
lost,7 wickets,lost,1st,v South Africa,Harare,27 Aug 2014,Australia
won,133 runs,lost,1st,v England,Cardiff,27 Aug 2014,India
lost,133 runs,won,2nd,v India,Cardiff,27 Aug 2014,England
won,61 runs,lost,1st,v Zimbabwe,Harare,29 Aug 2014,SouthAfrica
won,7 wickets,lost,2nd,v Pakistan,Dambulla,30 Aug 2014,SriLanka
lost,7 wickets,won,1st,v Sri Lanka,Dambulla,30 Aug 2014,Pakistan
won,6 wickets,won,2nd,v England,Nottingham,30 Aug 2014,India
lost,6 wickets,lost,1st,v India,Nottingham,30 Aug 2014,England
lost,3 wickets,won,1st,v Zimbabwe,Harare,31 Aug 2014,Australia
lost,62 runs,won,2nd,v Australia,Harare,2 Sep 2014,SouthAfrica
won,62 runs,lost,1st,v South Africa,Harare,2 Sep 2014,Australia
won,9 wickets,won,2nd,v England,Birmingham,2 Sep 2014,India
lost,9 wickets,lost,1st,v India,Birmingham,2 Sep 2014,England
won,63 runs,lost,1st,v Zimbabwe,Harare,4 Sep 2014,SouthAfrica
lost,41 runs,won,2nd,v England,Leeds,5 Sep 2014,India
won,41 runs,lost,1st,v India,Leeds,5 Sep 2014,England
won,6 wickets,won,2nd,v Australia,Harare,6 Sep 2014,SouthAfrica
lost,6 wickets,lost,1st,v South Africa,Harare,6 Sep 2014,Australia
lost,93 runs,lost,2nd,v Australia,Sharjah,7 Oct 2014,Pakistan
won,93 runs,won,1st,v Pakistan,Sharjah,7 Oct 2014,Australia
won,124 runs,lost,1st,v India,Kochi,8 Oct 2014,WestIndies
lost,124 runs,won,2nd,v West Indies,Kochi,8 Oct 2014,India
lost,5 wickets,won,1st,v Australia,Dubai (DSC),10 Oct 2014,Pakistan
won,5 wickets,lost,2nd,v Pakistan,Dubai (DSC),10 Oct 2014,Australia
lost,48 runs,lost,2nd,v India,Delhi,11 Oct 2014,WestIndies
won,48 runs,won,1st,v West Indies,Delhi,11 Oct 2014,India
lost,1 runs,lost,2nd,v Australia,Abu Dhabi,12 Oct 2014,Pakistan
won,1 runs,won,1st,v Pakistan,Abu Dhabi,12 Oct 2014,Australia
canc,-,-,-,v India,Visakhapatnam,14 Oct 2014,WestIndies
canc,-,-,-,v West Indies,Visakhapatnam,14 Oct 2014,India
lost,59 runs,won,2nd,v India,Dharamsala,17 Oct 2014,WestIndies
won,59 runs,lost,1st,v West Indies,Dharamsala,17 Oct 2014,India
canc,-,-,-,v India,Kolkata,20 Oct 2014,WestIndies
canc,-,-,-,v West Indies,Kolkata,20 Oct 2014,India
won,6 wickets,won,2nd,v New Zealand,Mount Maunganui,21 Oct 2014,SouthAfrica
lost,6 wickets,lost,1st,v South Africa,Mount Maunganui,21 Oct 2014,Newzealad
won,72 runs,lost,1st,v New Zealand,Mount Maunganui,24 Oct 2014,SouthAfrica
lost,72 runs,won,2nd,v South Africa,Mount Maunganui,24 Oct 2014,Newzealad
n/r,-,lost,1st,v New Zealand,Hamilton,27 Oct 2014,SouthAfrica
n/r,-,won,2nd,v South Africa,Hamilton,27 Oct 2014,Newzealad
lost,169 runs,won,2nd,v India,Cuttack,2 Nov 2014,SriLanka
won,169 runs,lost,1st,v Sri Lanka,Cuttack,2 Nov 2014,India
lost,6 wickets,won,1st,v India,Ahmedabad,6 Nov 2014,SriLanka
won,6 wickets,lost,2nd,v Sri Lanka,Ahmedabad,6 Nov 2014,India
lost,6 wickets,won,1st,v India,Hyderabad (Deccan),9 Nov 2014,SriLanka
won,6 wickets,lost,2nd,v Sri Lanka,Hyderabad (Deccan),9 Nov 2014,India
lost,153 runs,lost,2nd,v India,Kolkata,13 Nov 2014,SriLanka
won,153 runs,won,1st,v Sri Lanka,Kolkata,13 Nov 2014,India
lost,32 runs,won,2nd,v Australia,Perth,14 Nov 2014,SouthAfrica
won,32 runs,lost,1st,v South Africa,Perth,14 Nov 2014,Australia
won,3 wickets,lost,2nd,v Australia,Perth,16 Nov 2014,SouthAfrica
lost,3 wickets,won,1st,v South Africa,Perth,16 Nov 2014,Australia
lost,3 wickets,won,1st,v India,Ranchi,16 Nov 2014,SriLanka
won,3 wickets,lost,2nd,v Sri Lanka,Ranchi,16 Nov 2014,India
lost,73 runs,lost,2nd,v Australia,Canberra,19 Nov 2014,SouthAfrica
won,73 runs,won,1st,v South Africa,Canberra,19 Nov 2014,Australia
lost,3 wickets,won,1st,v Australia,Melbourne,21 Nov 2014,SouthAfrica
won,3 wickets,lost,2nd,v South Africa,Melbourne,21 Nov 2014,Australia
won,87 runs,lost,1st,v Zimbabwe,Chattogram,21 Nov 2014,Bangladesh
lost,2 wickets,won,1st,v Australia,Sydney,23 Nov 2014,SouthAfrica
won,2 wickets,lost,2nd,v South Africa,Sydney,23 Nov 2014,Australia
won,68 runs,won,1st,v Zimbabwe,Chattogram,23 Nov 2014,Bangladesh
won,124 runs,lost,1st,v Zimbabwe,Dhaka,26 Nov 2014,Bangladesh
won,25 runs,lost,1st,v England,Colombo (RPS),26 Nov 2014,SriLanka
lost,25 runs,won,2nd,v Sri Lanka,Colombo (RPS),26 Nov 2014,England
won,21 runs,won,1st,v Zimbabwe,Dhaka,28 Nov 2014,Bangladesh
lost,5 wickets,won,1st,v U.A.E.,ICCA Dubai,28 Nov 2014,Afghanistan
won,8 wickets,lost,2nd,v England,Colombo (RPS),29 Nov 2014,SriLanka
lost,8 wickets,won,1st,v Sri Lanka,Colombo (RPS),29 Nov 2014,England
lost,6 wickets,lost,1st,v U.A.E.,ICCA Dubai,30 Nov 2014,Afghanistan
won,5 wickets,lost,2nd,v Zimbabwe,Dhaka,1 Dec 2014,Bangladesh
won,2 wickets,won,2nd,v U.A.E.,ICCA Dubai,2 Dec 2014,Afghanistan
lost,5 wickets,won,1st,v England,Hambantota,3 Dec 2014,SriLanka
won,5 wickets,lost,2nd,v Sri Lanka,Hambantota,3 Dec 2014,England
lost,30 runs,won,2nd,v U.A.E.,ICCA Dubai,4 Dec 2014,Afghanistan
won,6 wickets,lost,2nd,v England,Colombo (RPS),7 Dec 2014,SriLanka
lost,6 wickets,won,1st,v Sri Lanka,Colombo (RPS),7 Dec 2014,England
won,3 wickets,won,2nd,v New Zealand,Dubai (DSC),8 Dec 2014,Pakistan
lost,3 wickets,lost,1st,v Pakistan,Dubai (DSC),8 Dec 2014,Newzealad
lost,5 wickets,lost,1st,v England,Pallekele,10 Dec 2014,SriLanka
won,5 wickets,won,2nd,v Sri Lanka,Pallekele,10 Dec 2014,England
lost,4 wickets,won,1st,v New Zealand,Sharjah,12 Dec 2014,Pakistan
won,4 wickets,lost,2nd,v Pakistan,Sharjah,12 Dec 2014,Newzealad
won,90 runs,won,1st,v England,Pallekele,13 Dec 2014,SriLanka
lost,90 runs,lost,2nd,v Sri Lanka,Pallekele,13 Dec 2014,England
won,147 runs,won,1st,v New Zealand,Sharjah,14 Dec 2014,Pakistan
lost,147 runs,lost,2nd,v Pakistan,Sharjah,14 Dec 2014,Newzealad
won,87 runs,won,1st,v England,Colombo (RPS),16 Dec 2014,SriLanka
lost,87 runs,lost,2nd,v Sri Lanka,Colombo (RPS),16 Dec 2014,England
lost,7 runs,lost,2nd,v New Zealand,Abu Dhabi,17 Dec 2014,Pakistan
won,7 runs,won,1st,v Pakistan,Abu Dhabi,17 Dec 2014,Newzealad
lost,68 runs,lost,2nd,v New Zealand,Abu Dhabi,19 Dec 2014,Pakistan
won,68 runs,won,1st,v Pakistan,Abu Dhabi,19 Dec 2014,Newzealad
won,8 wickets,won,2nd,v Scotland,ICCA Dubai,8 Jan 2015,Afghanistan
lost,3 wickets,lost,1st,v Ireland,Dubai (DSC),10 Jan 2015,Afghanistan
lost,3 wickets,won,1st,v New Zealand,Christchurch,11 Jan 2015,SriLanka
won,3 wickets,lost,2nd,v Sri Lanka,Christchurch,11 Jan 2015,Newzealad
lost,150 runs,lost,2nd,v Scotland,Abu Dhabi,14 Jan 2015,Afghanistan
won,6 wickets,lost,2nd,v New Zealand,Hamilton,15 Jan 2015,SriLanka
lost,6 wickets,won,1st,v Sri Lanka,Hamilton,15 Jan 2015,Newzealad
lost,3 wickets,won,1st,v Australia,Sydney,16 Jan 2015,England
won,3 wickets,lost,2nd,v England,Sydney,16 Jan 2015,Australia
lost,61 runs,lost,2nd,v South Africa,Durban,16 Jan 2015,WestIndies
won,61 runs,won,1st,v West Indies,Durban,16 Jan 2015,SouthAfrica
n/r,-,won,2nd,v New Zealand,Auckland,17 Jan 2015,SriLanka
n/r,-,lost,1st,v Sri Lanka,Auckland,17 Jan 2015,Newzealad
won,71 runs,lost,1st,v Ireland,Dubai (DSC),17 Jan 2015,Afghanistan
lost,4 wickets,won,1st,v Australia,Melbourne,18 Jan 2015,India
won,4 wickets,lost,2nd,v India,Melbourne,18 Jan 2015,Australia
lost,148 runs,won,2nd,v South Africa,Johannesburg,18 Jan 2015,WestIndies
won,148 runs,lost,1st,v West Indies,Johannesburg,18 Jan 2015,SouthAfrica
lost,4 wickets,won,1st,v New Zealand,Nelson,20 Jan 2015,SriLanka
won,4 wickets,lost,2nd,v Sri Lanka,Nelson,20 Jan 2015,Newzealad
lost,9 wickets,won,1st,v England,Brisbane,20 Jan 2015,India
won,9 wickets,lost,2nd,v India,Brisbane,20 Jan 2015,England
lost,9 wickets,won,1st,v South Africa,East London,21 Jan 2015,WestIndies
won,9 wickets,lost,2nd,v West Indies,East London,21 Jan 2015,SouthAfrica
lost,108 runs,won,2nd,v New Zealand,Dunedin,23 Jan 2015,SriLanka
won,108 runs,lost,1st,v Sri Lanka,Dunedin,23 Jan 2015,Newzealad
lost,3 wickets,lost,1st,v Australia,Hobart,23 Jan 2015,England
won,3 wickets,won,2nd,v England,Hobart,23 Jan 2015,Australia
lost,120 runs,lost,2nd,v New Zealand,Dunedin,25 Jan 2015,SriLanka
won,120 runs,won,1st,v Sri Lanka,Dunedin,25 Jan 2015,Newzealad
won,1 wickets,won,2nd,v South Africa,Port Elizabeth,25 Jan 2015,WestIndies
lost,1 wickets,lost,1st,v West Indies,Port Elizabeth,25 Jan 2015,SouthAfrica
n/r,-,lost,1st,v Australia,Sydney,26 Jan 2015,India
n/r,-,won,2nd,v India,Sydney,26 Jan 2015,Australia
lost,131 runs,won,2nd,v South Africa,Centurion,28 Jan 2015,WestIndies
won,131 runs,lost,1st,v West Indies,Centurion,28 Jan 2015,SouthAfrica
won,34 runs,won,1st,v New Zealand,Wellington,29 Jan 2015,SriLanka
lost,34 runs,lost,2nd,v Sri Lanka,Wellington,29 Jan 2015,Newzealad
lost,3 wickets,lost,1st,v England,Perth,30 Jan 2015,India
won,3 wickets,won,2nd,v India,Perth,30 Jan 2015,England
lost,7 wickets,lost,1st,v New Zealand,Wellington,31 Jan 2015,Pakistan
won,7 wickets,won,2nd,v Pakistan,Wellington,31 Jan 2015,Newzealad
lost,112 runs,won,2nd,v Australia,Perth,1 Feb 2015,England
won,112 runs,lost,1st,v England,Perth,1 Feb 2015,Australia
lost,119 runs,lost,2nd,v New Zealand,Napier,3 Feb 2015,Pakistan
won,119 runs,won,1st,v Pakistan,Napier,3 Feb 2015,Newzealad
lost,98 runs,won,2nd,v New Zealand,Christchurch,14 Feb 2015,SriLanka
won,98 runs,lost,1st,v Sri Lanka,Christchurch,14 Feb 2015,Newzealad
lost,111 runs,won,2nd,v Australia,Melbourne,14 Feb 2015,England
won,111 runs,lost,1st,v England,Melbourne,14 Feb 2015,Australia
won,62 runs,lost,1st,v Zimbabwe,Hamilton,15 Feb 2015,SouthAfrica
lost,76 runs,lost,2nd,v India,Adelaide,15 Feb 2015,Pakistan
won,76 runs,won,1st,v Pakistan,Adelaide,15 Feb 2015,India
lost,4 wickets,lost,1st,v Ireland,Nelson,16 Feb 2015,WestIndies
won,3 wickets,won,2nd,v Scotland,Dunedin,17 Feb 2015,Newzealad
won,105 runs,won,1st,v Afghanistan,Canberra,18 Feb 2015,Bangladesh
lost,105 runs,lost,2nd,v Bangladesh,Canberra,18 Feb 2015,Afghanistan
won,8 wickets,lost,2nd,v England,Wellington,20 Feb 2015,Newzealad
lost,8 wickets,won,1st,v New Zealand,Wellington,20 Feb 2015,England
won,150 runs,lost,1st,v Pakistan,Christchurch,21 Feb 2015,WestIndies
lost,150 runs,won,2nd,v West Indies,Christchurch,21 Feb 2015,Pakistan
aban,-,-,-,v Australia,Brisbane,21 Feb 2015,Bangladesh
aban,-,-,-,v Bangladesh,Brisbane,21 Feb 2015,Australia
won,4 wickets,won,2nd,v Afghanistan,Dunedin,22 Feb 2015,SriLanka
lost,4 wickets,lost,1st,v Sri Lanka,Dunedin,22 Feb 2015,Afghanistan
lost,130 runs,lost,2nd,v India,Melbourne,22 Feb 2015,SouthAfrica
won,130 runs,won,1st,v South Africa,Melbourne,22 Feb 2015,India
won,119 runs,lost,1st,v Scotland,Christchurch,23 Feb 2015,England
won,73 runs,won,1st,v Zimbabwe,Canberra,24 Feb 2015,WestIndies
won,1 wickets,won,2nd,v Scotland,Dunedin,26 Feb 2015,Afghanistan
won,92 runs,won,1st,v Bangladesh,Melbourne,26 Feb 2015,SriLanka
lost,92 runs,lost,2nd,v Sri Lanka,Melbourne,26 Feb 2015,Bangladesh
lost,257 runs,lost,2nd,v South Africa,Sydney,27 Feb 2015,WestIndies
won,257 runs,won,1st,v West Indies,Sydney,27 Feb 2015,SouthAfrica
won,1 wickets,lost,2nd,v Australia,Auckland,28 Feb 2015,Newzealad
lost,1 wickets,won,1st,v New Zealand,Auckland,28 Feb 2015,Australia
won,9 wickets,lost,2nd,v U.A.E.,Perth,28 Feb 2015,India
won,9 wickets,lost,2nd,v England,Wellington,1 Mar 2015,SriLanka
lost,9 wickets,won,1st,v Sri Lanka,Wellington,1 Mar 2015,England
won,20 runs,won,1st,v Zimbabwe,Brisbane,1 Mar 2015,Pakistan
won,201 runs,won,1st,v Ireland,Canberra,3 Mar 2015,SouthAfrica
won,129 runs,lost,1st,v U.A.E.,Napier,4 Mar 2015,Pakistan
won,275 runs,lost,1st,v Afghanistan,Perth,4 Mar 2015,Australia
lost,275 runs,won,2nd,v Australia,Perth,4 Mar 2015,Afghanistan
won,6 wickets,won,2nd,v Scotland,Nelson,5 Mar 2015,Bangladesh
lost,4 wickets,won,1st,v India,Perth,6 Mar 2015,WestIndies
won,4 wickets,lost,2nd,v West Indies,Perth,6 Mar 2015,India
lost,29 runs,won,2nd,v Pakistan,Auckland,7 Mar 2015,SouthAfrica
won,29 runs,lost,1st,v South Africa,Auckland,7 Mar 2015,Pakistan
won,6 wickets,lost,2nd,v Afghanistan,Napier,8 Mar 2015,Newzealad
lost,6 wickets,won,1st,v New Zealand,Napier,8 Mar 2015,Afghanistan
lost,64 runs,lost,2nd,v Australia,Sydney,8 Mar 2015,SriLanka
won,64 runs,won,1st,v Sri Lanka,Sydney,8 Mar 2015,Australia
lost,15 runs,won,2nd,v Bangladesh,Adelaide,9 Mar 2015,England
won,15 runs,lost,1st,v England,Adelaide,9 Mar 2015,Bangladesh
won,8 wickets,lost,2nd,v Ireland,Hamilton,10 Mar 2015,India
won,148 runs,won,1st,v Scotland,Hobart,11 Mar 2015,SriLanka
won,146 runs,lost,1st,v U.A.E.,Wellington,12 Mar 2015,SouthAfrica
won,3 wickets,won,2nd,v Bangladesh,Hamilton,13 Mar 2015,Newzealad
lost,3 wickets,lost,1st,v New Zealand,Hamilton,13 Mar 2015,Bangladesh
won,9 wickets,won,2nd,v Afghanistan,Sydney,13 Mar 2015,England
lost,9 wickets,lost,1st,v England,Sydney,13 Mar 2015,Afghanistan
won,6 wickets,won,2nd,v Zimbabwe,Auckland,14 Mar 2015,India
won,7 wickets,won,2nd,v Scotland,Hobart,14 Mar 2015,Australia
won,6 wickets,won,2nd,v U.A.E.,Napier,15 Mar 2015,WestIndies
won,7 wickets,lost,2nd,v Ireland,Adelaide,15 Mar 2015,Pakistan
lost,9 wickets,won,1st,v South Africa,Sydney,18 Mar 2015,SriLanka
won,9 wickets,lost,2nd,v Sri Lanka,Sydney,18 Mar 2015,SouthAfrica
won,109 runs,won,1st,v Bangladesh,Melbourne,19 Mar 2015,India
lost,109 runs,lost,2nd,v India,Melbourne,19 Mar 2015,Bangladesh
lost,6 wickets,won,1st,v Australia,Adelaide,20 Mar 2015,Pakistan
won,6 wickets,lost,2nd,v Pakistan,Adelaide,20 Mar 2015,Australia
lost,143 runs,lost,2nd,v New Zealand,Wellington,21 Mar 2015,WestIndies
won,143 runs,won,1st,v West Indies,Wellington,21 Mar 2015,Newzealad
lost,4 wickets,won,1st,v New Zealand,Auckland,24 Mar 2015,SouthAfrica
won,4 wickets,lost,2nd,v South Africa,Auckland,24 Mar 2015,Newzealad
lost,95 runs,lost,2nd,v Australia,Sydney,26 Mar 2015,India
won,95 runs,won,1st,v India,Sydney,26 Mar 2015,Australia
lost,7 wickets,won,1st,v Australia,Melbourne,29 Mar 2015,Newzealad
won,7 wickets,lost,2nd,v New Zealand,Melbourne,29 Mar 2015,Australia
lost,79 runs,lost,2nd,v Bangladesh,Dhaka,17 Apr 2015,Pakistan
won,79 runs,won,1st,v Pakistan,Dhaka,17 Apr 2015,Bangladesh
lost,7 wickets,won,1st,v Bangladesh,Dhaka,19 Apr 2015,Pakistan
won,7 wickets,lost,2nd,v Pakistan,Dhaka,19 Apr 2015,Bangladesh
lost,8 wickets,won,1st,v Bangladesh,Dhaka,22 Apr 2015,Pakistan
won,8 wickets,lost,2nd,v Pakistan,Dhaka,22 Apr 2015,Bangladesh
n/r,-,won,2nd,v Ireland,Dublin (Malahide),8 May 2015,England
won,41 runs,won,1st,v Zimbabwe,Lahore,26 May 2015,Pakistan
won,6 wickets,won,2nd,v Zimbabwe,Lahore,29 May 2015,Pakistan
n/r,-,won,1st,v Zimbabwe,Lahore,31 May 2015,Pakistan
lost,210 runs,won,2nd,v England,Birmingham,9 Jun 2015,Newzealad
won,210 runs,lost,1st,v New Zealand,Birmingham,9 Jun 2015,England
won,13 runs,won,1st,v England,The Oval,12 Jun 2015,Newzealad
lost,13 runs,lost,2nd,v New Zealand,The Oval,12 Jun 2015,England
won,3 wickets,lost,2nd,v England,Southampton,14 Jun 2015,Newzealad
lost,3 wickets,won,1st,v New Zealand,Southampton,14 Jun 2015,England
lost,7 wickets,won,1st,v England,Nottingham,17 Jun 2015,Newzealad
won,7 wickets,lost,2nd,v New Zealand,Nottingham,17 Jun 2015,England
lost,79 runs,lost,2nd,v Bangladesh,Dhaka,18 Jun 2015,India
won,79 runs,won,1st,v India,Dhaka,18 Jun 2015,Bangladesh
lost,3 wickets,lost,1st,v England,Chester-le-Street,20 Jun 2015,Newzealad
won,3 wickets,won,2nd,v New Zealand,Chester-le-Street,20 Jun 2015,England
lost,6 wickets,won,1st,v Bangladesh,Dhaka,21 Jun 2015,India
won,6 wickets,lost,2nd,v India,Dhaka,21 Jun 2015,Bangladesh
won,77 runs,lost,1st,v Bangladesh,Dhaka,24 Jun 2015,India
lost,77 runs,won,2nd,v India,Dhaka,24 Jun 2015,Bangladesh
won,4 runs,lost,1st,v Zimbabwe,Harare,10 Jul 2015,India
won,8 wickets,lost,2nd,v Bangladesh,Dhaka,10 Jul 2015,SouthAfrica
lost,8 wickets,won,1st,v South Africa,Dhaka,10 Jul 2015,Bangladesh
lost,6 wickets,lost,1st,v Pakistan,Dambulla,11 Jul 2015,SriLanka
won,6 wickets,won,2nd,v Sri Lanka,Dambulla,11 Jul 2015,Pakistan
won,62 runs,lost,1st,v Zimbabwe,Harare,12 Jul 2015,India
lost,7 wickets,won,1st,v Bangladesh,Dhaka,12 Jul 2015,SouthAfrica
won,7 wickets,lost,2nd,v South Africa,Dhaka,12 Jul 2015,Bangladesh
won,83 runs,lost,1st,v Zimbabwe,Harare,14 Jul 2015,India
lost,9 wickets,won,1st,v Bangladesh,Chattogram,15 Jul 2015,SouthAfrica
won,9 wickets,lost,2nd,v South Africa,Chattogram,15 Jul 2015,Bangladesh
won,2 wickets,lost,2nd,v Pakistan,Pallekele,15 Jul 2015,SriLanka
lost,2 wickets,won,1st,v Sri Lanka,Pallekele,15 Jul 2015,Pakistan
lost,135 runs,lost,2nd,v Pakistan,Colombo (RPS),19 Jul 2015,SriLanka
won,135 runs,won,1st,v Sri Lanka,Colombo (RPS),19 Jul 2015,Pakistan
lost,7 wickets,won,1st,v Pakistan,Colombo (RPS),22 Jul 2015,SriLanka
won,7 wickets,lost,2nd,v Sri Lanka,Colombo (RPS),22 Jul 2015,Pakistan
won,165 runs,won,1st,v Pakistan,Hambantota,26 Jul 2015,SriLanka
lost,165 runs,lost,2nd,v Sri Lanka,Hambantota,26 Jul 2015,Pakistan
lost,7 wickets,lost,1st,v Zimbabwe,Harare,2 Aug 2015,Newzealad
won,10 wickets,lost,2nd,v Zimbabwe,Harare,4 Aug 2015,Newzealad
won,38 runs,lost,1st,v Zimbabwe,Harare,7 Aug 2015,Newzealad
won,20 runs,lost,1st,v New Zealand,Centurion,19 Aug 2015,SouthAfrica
lost,20 runs,won,2nd,v South Africa,Centurion,19 Aug 2015,Newzealad
lost,8 wickets,won,1st,v New Zealand,Potchefstroom,23 Aug 2015,SouthAfrica
won,8 wickets,lost,2nd,v South Africa,Potchefstroom,23 Aug 2015,Newzealad
won,62 runs,won,1st,v New Zealand,Durban,26 Aug 2015,SouthAfrica
lost,62 runs,lost,2nd,v South Africa,Durban,26 Aug 2015,Newzealad
won,23 runs,won,1st,v Ireland,Belfast,27 Aug 2015,Australia
lost,59 runs,lost,2nd,v Australia,Southampton,3 Sep 2015,England
won,59 runs,won,1st,v England,Southampton,3 Sep 2015,Australia
lost,64 runs,won,2nd,v Australia,Lord's,5 Sep 2015,England
won,64 runs,lost,1st,v England,Lord's,5 Sep 2015,Australia
won,93 runs,won,1st,v Australia,Manchester,8 Sep 2015,England
lost,93 runs,lost,2nd,v England,Manchester,8 Sep 2015,Australia
won,3 wickets,lost,2nd,v Australia,Leeds,11 Sep 2015,England
lost,3 wickets,won,1st,v England,Leeds,11 Sep 2015,Australia
lost,8 wickets,won,1st,v Australia,Manchester,13 Sep 2015,England
won,8 wickets,lost,2nd,v England,Manchester,13 Sep 2015,Australia
won,131 runs,lost,1st,v Zimbabwe,Harare,1 Oct 2015,Pakistan
lost,5 runs,won,2nd,v Zimbabwe,Harare,3 Oct 2015,Pakistan
won,7 wickets,won,2nd,v Zimbabwe,Harare,5 Oct 2015,Pakistan
won,5 runs,won,1st,v India,Kanpur,11 Oct 2015,SouthAfrica
lost,5 runs,lost,2nd,v South Africa,Kanpur,11 Oct 2015,India
lost,22 runs,lost,2nd,v India,Indore,14 Oct 2015,SouthAfrica
won,22 runs,won,1st,v South Africa,Indore,14 Oct 2015,India
lost,8 wickets,won,1st,v Zimbabwe,Bulawayo,16 Oct 2015,Afghanistan
won,58 runs,won,1st,v Zimbabwe,Bulawayo,18 Oct 2015,Afghanistan
won,18 runs,won,1st,v India,Rajkot,18 Oct 2015,SouthAfrica
lost,18 runs,lost,2nd,v South Africa,Rajkot,18 Oct 2015,India
lost,6 wickets,won,1st,v Zimbabwe,Bulawayo,20 Oct 2015,Afghanistan
won,3 wickets,lost,2nd,v Zimbabwe,Bulawayo,22 Oct 2015,Afghanistan
lost,35 runs,lost,2nd,v India,Chennai,22 Oct 2015,SouthAfrica
won,35 runs,won,1st,v South Africa,Chennai,22 Oct 2015,India
won,73 runs,lost,1st,v Zimbabwe,Bulawayo,24 Oct 2015,Afghanistan
won,214 runs,won,1st,v India,Mumbai,25 Oct 2015,SouthAfrica
lost,214 runs,lost,2nd,v South Africa,Mumbai,25 Oct 2015,India
lost,1 wickets,lost,1st,v Sri Lanka,Colombo (RPS),1 Nov 2015,WestIndies
won,1 wickets,won,2nd,v West Indies,Colombo (RPS),1 Nov 2015,SriLanka
lost,8 wickets,won,1st,v Sri Lanka,Colombo (RPS),4 Nov 2015,WestIndies
won,8 wickets,lost,2nd,v West Indies,Colombo (RPS),4 Nov 2015,SriLanka
won,145 runs,lost,1st,v Zimbabwe,Dhaka,7 Nov 2015,Bangladesh
lost,19 runs,lost,1st,v Sri Lanka,Pallekele,7 Nov 2015,WestIndies
won,19 runs,won,2nd,v West Indies,Pallekele,7 Nov 2015,SriLanka
won,58 runs,lost,1st,v Zimbabwe,Dhaka,9 Nov 2015,Bangladesh
won,61 runs,won,1st,v Zimbabwe,Dhaka,11 Nov 2015,Bangladesh
won,6 wickets,lost,2nd,v England,Abu Dhabi,11 Nov 2015,Pakistan
lost,6 wickets,won,1st,v Pakistan,Abu Dhabi,11 Nov 2015,England
lost,95 runs,lost,2nd,v England,Abu Dhabi,13 Nov 2015,Pakistan
won,95 runs,won,1st,v Pakistan,Abu Dhabi,13 Nov 2015,England
lost,6 wickets,won,1st,v England,Sharjah,17 Nov 2015,Pakistan
won,6 wickets,lost,2nd,v Pakistan,Sharjah,17 Nov 2015,England
lost,84 runs,lost,2nd,v England,Dubai (DSC),20 Nov 2015,Pakistan
won,84 runs,won,1st,v Pakistan,Dubai (DSC),20 Nov 2015,England
won,49 runs,won,1st,v Zimbabwe,Sharjah,25 Dec 2015,Afghanistan
lost,7 wickets,won,1st,v New Zealand,Christchurch,26 Dec 2015,SriLanka
won,7 wickets,lost,2nd,v Sri Lanka,Christchurch,26 Dec 2015,Newzealad
lost,10 wickets,won,1st,v New Zealand,Christchurch,28 Dec 2015,SriLanka
won,10 wickets,lost,2nd,v Sri Lanka,Christchurch,28 Dec 2015,Newzealad
won,4 wickets,lost,2nd,v Zimbabwe,Sharjah,29 Dec 2015,Afghanistan
won,8 wickets,lost,2nd,v New Zealand,Nelson,31 Dec 2015,SriLanka
lost,8 wickets,won,1st,v Sri Lanka,Nelson,31 Dec 2015,Newzealad
n/r,-,won,2nd,v New Zealand,Nelson,2 Jan 2016,SriLanka
n/r,-,lost,1st,v Sri Lanka,Nelson,2 Jan 2016,Newzealad
lost,117 runs,lost,2nd,v Zimbabwe,Sharjah,2 Jan 2016,Afghanistan
lost,65 runs,lost,2nd,v Zimbabwe,Sharjah,4 Jan 2016,Afghanistan
lost,36 runs,won,2nd,v New Zealand,Mount Maunganui,5 Jan 2016,SriLanka
won,36 runs,lost,1st,v Sri Lanka,Mount Maunganui,5 Jan 2016,Newzealad
won,2 wickets,lost,2nd,v Zimbabwe,Sharjah,6 Jan 2016,Afghanistan
lost,5 wickets,won,1st,v Australia,Perth,12 Jan 2016,India
won,5 wickets,lost,2nd,v India,Perth,12 Jan 2016,Australia
lost,7 wickets,won,1st,v Australia,Brisbane,15 Jan 2016,India
won,7 wickets,lost,2nd,v India,Brisbane,15 Jan 2016,Australia
lost,3 wickets,lost,1st,v Australia,Melbourne,17 Jan 2016,India
won,3 wickets,won,2nd,v India,Melbourne,17 Jan 2016,Australia
lost,25 runs,lost,2nd,v Australia,Canberra,20 Jan 2016,India
won,25 runs,won,1st,v India,Canberra,20 Jan 2016,Australia
won,6 wickets,won,2nd,v Australia,Sydney,23 Jan 2016,India
lost,6 wickets,lost,1st,v India,Sydney,23 Jan 2016,Australia
lost,70 runs,won,2nd,v New Zealand,Wellington,25 Jan 2016,Pakistan
won,70 runs,lost,1st,v Pakistan,Wellington,25 Jan 2016,Newzealad
aban,-,-,-,v New Zealand,Napier,28 Jan 2016,Pakistan
aban,-,-,-,v Pakistan,Napier,28 Jan 2016,Newzealad
lost,3 wickets,won,1st,v New Zealand,Auckland,31 Jan 2016,Pakistan
won,3 wickets,lost,2nd,v Pakistan,Auckland,31 Jan 2016,Newzealad
won,159 runs,lost,1st,v Australia,Auckland,3 Feb 2016,Newzealad
lost,159 runs,won,2nd,v New Zealand,Auckland,3 Feb 2016,Australia
lost,39 runs,lost,2nd,v England,Bloemfontein,3 Feb 2016,SouthAfrica
won,39 runs,won,1st,v South Africa,Bloemfontein,3 Feb 2016,England
lost,4 wickets,won,1st,v Australia,Wellington,6 Feb 2016,Newzealad
won,4 wickets,lost,2nd,v New Zealand,Wellington,6 Feb 2016,Australia
lost,5 wickets,won,1st,v England,Port Elizabeth,6 Feb 2016,SouthAfrica
won,5 wickets,lost,2nd,v South Africa,Port Elizabeth,6 Feb 2016,England
won,55 runs,lost,1st,v Australia,Hamilton,8 Feb 2016,Newzealad
lost,55 runs,won,2nd,v New Zealand,Hamilton,8 Feb 2016,Australia
won,7 wickets,lost,2nd,v England,Centurion,9 Feb 2016,SouthAfrica
lost,7 wickets,won,1st,v South Africa,Centurion,9 Feb 2016,England
won,1 wickets,won,2nd,v England,Johannesburg,12 Feb 2016,SouthAfrica
lost,1 wickets,lost,1st,v South Africa,Johannesburg,12 Feb 2016,England
won,5 wickets,won,2nd,v England,Cape Town,14 Feb 2016,SouthAfrica
lost,5 wickets,lost,1st,v South Africa,Cape Town,14 Feb 2016,England
won,4 wickets,lost,2nd,v South Africa,Providence,3 Jun 2016,WestIndies
lost,4 wickets,won,1st,v West Indies,Providence,3 Jun 2016,SouthAfrica
lost,6 wickets,lost,1st,v Australia,Providence,5 Jun 2016,WestIndies
won,6 wickets,won,2nd,v West Indies,Providence,5 Jun 2016,Australia
won,47 runs,won,1st,v Australia,Providence,7 Jun 2016,SouthAfrica
lost,47 runs,lost,2nd,v South Africa,Providence,7 Jun 2016,Australia
won,9 wickets,won,2nd,v Zimbabwe,Harare,11 Jun 2016,India
lost,36 runs,lost,2nd,v Australia,Basseterre,11 Jun 2016,SouthAfrica
won,36 runs,won,1st,v South Africa,Basseterre,11 Jun 2016,Australia
won,8 wickets,won,2nd,v Zimbabwe,Harare,13 Jun 2016,India
won,4 wickets,won,2nd,v Australia,Basseterre,13 Jun 2016,WestIndies
lost,4 wickets,lost,1st,v West Indies,Basseterre,13 Jun 2016,Australia
won,10 wickets,lost,2nd,v Zimbabwe,Harare,15 Jun 2016,India
lost,139 runs,won,2nd,v South Africa,Basseterre,15 Jun 2016,WestIndies
won,139 runs,lost,1st,v West Indies,Basseterre,15 Jun 2016,SouthAfrica
won,76 runs,lost,1st,v Ireland,Dublin (Malahide),16 Jun 2016,SriLanka
won,136 runs,lost,1st,v Ireland,Dublin (Malahide),18 Jun 2016,SriLanka
n/r,-,lost,1st,v Australia,Bridgetown,19 Jun 2016,SouthAfrica
n/r,-,won,2nd,v South Africa,Bridgetown,19 Jun 2016,Australia
tied,-,lost,1st,v England,Nottingham,21 Jun 2016,SriLanka
tied,-,won,2nd,v Sri Lanka,Nottingham,21 Jun 2016,England
lost,6 wickets,lost,1st,v Australia,Bridgetown,21 Jun 2016,WestIndies
won,6 wickets,won,2nd,v West Indies,Bridgetown,21 Jun 2016,Australia
lost,10 wickets,won,1st,v England,Birmingham,24 Jun 2016,SriLanka
won,10 wickets,lost,2nd,v Sri Lanka,Birmingham,24 Jun 2016,England
won,100 runs,lost,1st,v South Africa,Bridgetown,24 Jun 2016,WestIndies
lost,100 runs,won,2nd,v West Indies,Bridgetown,24 Jun 2016,SouthAfrica
n/r,-,lost,1st,v England,Bristol,26 Jun 2016,SriLanka
n/r,-,won,2nd,v Sri Lanka,Bristol,26 Jun 2016,England
lost,58 runs,lost,2nd,v Australia,Bridgetown,26 Jun 2016,WestIndies
won,58 runs,won,1st,v West Indies,Bridgetown,26 Jun 2016,Australia
lost,6 wickets,lost,1st,v England,The Oval,29 Jun 2016,SriLanka
won,6 wickets,won,2nd,v Sri Lanka,The Oval,29 Jun 2016,England
lost,122 runs,won,2nd,v England,Cardiff,2 Jul 2016,SriLanka
won,122 runs,lost,1st,v Sri Lanka,Cardiff,2 Jul 2016,England
n/r,-,lost,1st,v Scotland,Edinburgh,4 Jul 2016,Afghanistan
won,78 runs,won,1st,v Scotland,Edinburgh,6 Jul 2016,Afghanistan
aban,-,-,-,v Ireland,Belfast,10 Jul 2016,Afghanistan
won,39 runs,lost,1st,v Ireland,Belfast,12 Jul 2016,Afghanistan
lost,6 wickets,won,1st,v Ireland,Belfast,14 Jul 2016,Afghanistan
won,79 runs,won,1st,v Ireland,Belfast,17 Jul 2016,Afghanistan
lost,12 runs,won,2nd,v Ireland,Belfast,19 Jul 2016,Afghanistan
won,255 runs,lost,1st,v Ireland,Dublin (Malahide),18 Aug 2016,Pakistan
aban,-,-,-,v Ireland,Dublin (Malahide),20 Aug 2016,Pakistan
lost,3 wickets,lost,1st,v Australia,Colombo (RPS),21 Aug 2016,SriLanka
won,3 wickets,won,2nd,v Sri Lanka,Colombo (RPS),21 Aug 2016,Australia
won,82 runs,won,1st,v Australia,Colombo (RPS),24 Aug 2016,SriLanka
lost,82 runs,lost,2nd,v Sri Lanka,Colombo (RPS),24 Aug 2016,Australia
lost,44 runs,won,1st,v England,Southampton,24 Aug 2016,Pakistan
won,44 runs,lost,2nd,v Pakistan,Southampton,24 Aug 2016,England
lost,4 wickets,won,1st,v England,Lord's,27 Aug 2016,Pakistan
won,4 wickets,lost,2nd,v Pakistan,Lord's,27 Aug 2016,England
lost,2 wickets,won,1st,v Australia,Dambulla,28 Aug 2016,SriLanka
won,2 wickets,lost,2nd,v Sri Lanka,Dambulla,28 Aug 2016,Australia
lost,169 runs,lost,2nd,v England,Nottingham,30 Aug 2016,Pakistan
won,169 runs,won,1st,v Pakistan,Nottingham,30 Aug 2016,England
lost,6 wickets,won,1st,v Australia,Dambulla,31 Aug 2016,SriLanka
won,6 wickets,lost,2nd,v Sri Lanka,Dambulla,31 Aug 2016,Australia
lost,4 wickets,won,1st,v England,Leeds,1 Sep 2016,Pakistan
won,4 wickets,lost,2nd,v Pakistan,Leeds,1 Sep 2016,England
lost,5 wickets,won,1st,v Australia,Pallekele,4 Sep 2016,SriLanka
won,5 wickets,lost,2nd,v Sri Lanka,Pallekele,4 Sep 2016,Australia
won,4 wickets,won,2nd,v England,Cardiff,4 Sep 2016,Pakistan
lost,4 wickets,lost,1st,v Pakistan,Cardiff,4 Sep 2016,England
won,206 runs,lost,1st,v Ireland,Benoni,25 Sep 2016,SouthAfrica
won,7 runs,won,1st,v Afghanistan,Dhaka,25 Sep 2016,Bangladesh
lost,7 runs,lost,2nd,v Bangladesh,Dhaka,25 Sep 2016,Afghanistan
won,9 wickets,lost,2nd,v Ireland,Benoni,27 Sep 2016,Australia
lost,2 wickets,lost,1st,v Afghanistan,Dhaka,28 Sep 2016,Bangladesh
won,2 wickets,won,2nd,v Bangladesh,Dhaka,28 Sep 2016,Afghanistan
lost,111 runs,won,2nd,v Pakistan,Sharjah,30 Sep 2016,WestIndies
won,111 runs,lost,1st,v West Indies,Sharjah,30 Sep 2016,Pakistan
won,6 wickets,won,2nd,v Australia,Centurion,30 Sep 2016,SouthAfrica
lost,6 wickets,lost,1st,v South Africa,Centurion,30 Sep 2016,Australia
won,141 runs,won,1st,v Afghanistan,Dhaka,1 Oct 2016,Bangladesh
lost,141 runs,lost,2nd,v Bangladesh,Dhaka,1 Oct 2016,Afghanistan
won,142 runs,lost,1st,v Australia,Johannesburg,2 Oct 2016,SouthAfrica
lost,142 runs,won,2nd,v South Africa,Johannesburg,2 Oct 2016,Australia
lost,59 runs,lost,2nd,v Pakistan,Sharjah,2 Oct 2016,WestIndies
won,59 runs,won,1st,v West Indies,Sharjah,2 Oct 2016,Pakistan
lost,136 runs,lost,2nd,v Pakistan,Abu Dhabi,5 Oct 2016,WestIndies
won,136 runs,won,1st,v West Indies,Abu Dhabi,5 Oct 2016,Pakistan
won,4 wickets,lost,2nd,v Australia,Durban,5 Oct 2016,SouthAfrica
lost,4 wickets,won,1st,v South Africa,Durban,5 Oct 2016,Australia
won,21 runs,won,1st,v Bangladesh,Dhaka,7 Oct 2016,England
lost,21 runs,lost,2nd,v England,Dhaka,7 Oct 2016,Bangladesh
won,6 wickets,lost,2nd,v Australia,Port Elizabeth,9 Oct 2016,SouthAfrica
lost,6 wickets,won,1st,v South Africa,Port Elizabeth,9 Oct 2016,Australia
lost,34 runs,won,2nd,v Bangladesh,Dhaka,9 Oct 2016,England
won,34 runs,lost,1st,v England,Dhaka,9 Oct 2016,Bangladesh
won,4 wickets,won,2nd,v Bangladesh,Chattogram,12 Oct 2016,England
lost,4 wickets,lost,1st,v England,Chattogram,12 Oct 2016,Bangladesh
won,31 runs,won,1st,v Australia,Cape Town,12 Oct 2016,SouthAfrica
lost,31 runs,lost,2nd,v South Africa,Cape Town,12 Oct 2016,Australia
lost,6 wickets,lost,1st,v India,Dharamsala,16 Oct 2016,Newzealad
won,6 wickets,won,2nd,v New Zealand,Dharamsala,16 Oct 2016,India
won,6 runs,lost,1st,v India,Delhi,20 Oct 2016,Newzealad
lost,6 runs,won,2nd,v New Zealand,Delhi,20 Oct 2016,India
lost,7 wickets,lost,1st,v India,Mohali,23 Oct 2016,Newzealad
won,7 wickets,won,2nd,v New Zealand,Mohali,23 Oct 2016,India
won,19 runs,won,1st,v India,Ranchi,26 Oct 2016,Newzealad
lost,19 runs,lost,2nd,v New Zealand,Ranchi,26 Oct 2016,India
lost,190 runs,lost,2nd,v India,Visakhapatnam,29 Oct 2016,Newzealad
won,190 runs,won,1st,v New Zealand,Visakhapatnam,29 Oct 2016,India
won,8 wickets,won,2nd,v Zimbabwe,Harare,14 Nov 2016,SriLanka
won,62 runs,lost,1st,v Sri Lanka,Harare,16 Nov 2016,WestIndies
lost,62 runs,won,2nd,v West Indies,Harare,16 Nov 2016,SriLanka
tied,-,lost,2nd,v Zimbabwe,Bulawayo,19 Nov 2016,WestIndies
n/r,-,lost,2nd,v Zimbabwe,Bulawayo,21 Nov 2016,SriLanka
lost,1 runs,won,2nd,v Sri Lanka,Bulawayo,23 Nov 2016,WestIndies
won,1 runs,lost,1st,v West Indies,Bulawayo,23 Nov 2016,SriLanka
lost,5 runs,lost,2nd,v Zimbabwe,Bulawayo,25 Nov 2016,WestIndies
won,6 wickets,lost,2nd,v Zimbabwe,Bulawayo,27 Nov 2016,SriLanka
lost,68 runs,lost,2nd,v Australia,Sydney,4 Dec 2016,Newzealad
won,68 runs,won,1st,v New Zealand,Sydney,4 Dec 2016,Australia
lost,116 runs,won,2nd,v Australia,Canberra,6 Dec 2016,Newzealad
won,116 runs,lost,1st,v New Zealand,Canberra,6 Dec 2016,Australia
lost,117 runs,lost,2nd,v Australia,Melbourne,9 Dec 2016,Newzealad
won,117 runs,won,1st,v New Zealand,Melbourne,9 Dec 2016,Australia
won,77 runs,won,1st,v Bangladesh,Christchurch,26 Dec 2016,Newzealad
lost,77 runs,lost,2nd,v New Zealand,Christchurch,26 Dec 2016,Bangladesh
won,67 runs,lost,1st,v Bangladesh,Nelson,29 Dec 2016,Newzealad
lost,67 runs,won,2nd,v New Zealand,Nelson,29 Dec 2016,Bangladesh
won,8 wickets,lost,2nd,v Bangladesh,Nelson,31 Dec 2016,Newzealad
lost,8 wickets,won,1st,v New Zealand,Nelson,31 Dec 2016,Bangladesh
lost,92 runs,lost,2nd,v Australia,Brisbane,13 Jan 2017,Pakistan
won,92 runs,won,1st,v Pakistan,Brisbane,13 Jan 2017,Australia
won,6 wickets,lost,2nd,v Australia,Melbourne,15 Jan 2017,Pakistan
lost,6 wickets,won,1st,v Pakistan,Melbourne,15 Jan 2017,Australia
won,3 wickets,won,2nd,v England,Pune,15 Jan 2017,India
lost,3 wickets,lost,1st,v India,Pune,15 Jan 2017,England
lost,7 wickets,lost,1st,v Australia,Perth,19 Jan 2017,Pakistan
won,7 wickets,won,2nd,v Pakistan,Perth,19 Jan 2017,Australia
won,15 runs,lost,1st,v England,Cuttack,19 Jan 2017,India
lost,15 runs,won,2nd,v India,Cuttack,19 Jan 2017,England
lost,86 runs,lost,2nd,v Australia,Sydney,22 Jan 2017,Pakistan
won,86 runs,won,1st,v Pakistan,Sydney,22 Jan 2017,Australia
lost,5 runs,won,2nd,v England,Kolkata,22 Jan 2017,India
won,5 runs,lost,1st,v India,Kolkata,22 Jan 2017,England
lost,57 runs,lost,2nd,v Australia,Adelaide,26 Jan 2017,Pakistan
won,57 runs,won,1st,v Pakistan,Adelaide,26 Jan 2017,Australia
lost,8 wickets,lost,1st,v South Africa,Port Elizabeth,28 Jan 2017,SriLanka
won,8 wickets,won,2nd,v Sri Lanka,Port Elizabeth,28 Jan 2017,SouthAfrica
won,6 runs,lost,1st,v Australia,Auckland,30 Jan 2017,Newzealad
lost,6 runs,won,2nd,v New Zealand,Auckland,30 Jan 2017,Australia
lost,121 runs,won,2nd,v South Africa,Durban,1 Feb 2017,SriLanka
won,121 runs,lost,1st,v Sri Lanka,Durban,1 Feb 2017,SouthAfrica
aban,-,-,-,v Australia,Napier,2 Feb 2017,Newzealad
aban,-,-,-,v New Zealand,Napier,2 Feb 2017,Australia
lost,7 wickets,lost,1st,v South Africa,Johannesburg,4 Feb 2017,SriLanka
won,7 wickets,won,2nd,v Sri Lanka,Johannesburg,4 Feb 2017,SouthAfrica
won,24 runs,won,1st,v Australia,Hamilton,5 Feb 2017,Newzealad
lost,24 runs,lost,2nd,v New Zealand,Hamilton,5 Feb 2017,Australia
lost,40 runs,lost,2nd,v South Africa,Cape Town,7 Feb 2017,SriLanka
won,40 runs,won,1st,v Sri Lanka,Cape Town,7 Feb 2017,SouthAfrica
lost,88 runs,won,2nd,v South Africa,Centurion,10 Feb 2017,SriLanka
won,88 runs,lost,1st,v Sri Lanka,Centurion,10 Feb 2017,SouthAfrica
won,12 runs,won,1st,v Zimbabwe,Harare,16 Feb 2017,Afghanistan
won,4 wickets,won,2nd,v New Zealand,Hamilton,19 Feb 2017,SouthAfrica
lost,4 wickets,lost,1st,v South Africa,Hamilton,19 Feb 2017,Newzealad
won,54 runs,won,1st,v Zimbabwe,Harare,19 Feb 2017,Afghanistan
lost,3 runs,lost,2nd,v Zimbabwe,Harare,21 Feb 2017,Afghanistan
lost,6 runs,won,2nd,v New Zealand,Christchurch,22 Feb 2017,SouthAfrica
won,6 runs,lost,1st,v South Africa,Christchurch,22 Feb 2017,Newzealad
lost,7 wickets,won,1st,v Zimbabwe,Harare,24 Feb 2017,Afghanistan
won,159 runs,won,1st,v New Zealand,Wellington,25 Feb 2017,SouthAfrica
lost,159 runs,lost,2nd,v South Africa,Wellington,25 Feb 2017,Newzealad
won,106 runs,won,1st,v Zimbabwe,Harare,26 Feb 2017,Afghanistan
lost,7 wickets,won,1st,v New Zealand,Hamilton,1 Mar 2017,SouthAfrica
won,7 wickets,lost,2nd,v South Africa,Hamilton,1 Mar 2017,Newzealad
lost,45 runs,won,2nd,v England,North Sound,3 Mar 2017,WestIndies
won,45 runs,lost,1st,v West Indies,North Sound,3 Mar 2017,England
won,6 wickets,won,2nd,v New Zealand,Auckland,4 Mar 2017,SouthAfrica
lost,6 wickets,lost,1st,v South Africa,Auckland,4 Mar 2017,Newzealad
lost,4 wickets,won,1st,v England,North Sound,5 Mar 2017,WestIndies
won,4 wickets,lost,2nd,v West Indies,North Sound,5 Mar 2017,England
lost,186 runs,won,2nd,v England,Bridgetown,9 Mar 2017,WestIndies
won,186 runs,lost,1st,v West Indies,Bridgetown,9 Mar 2017,England
won,30 runs,won,1st,v Ireland,Greater Noida,15 Mar 2017,Afghanistan
won,34 runs,won,1st,v Ireland,Greater Noida,17 Mar 2017,Afghanistan
lost,6 wickets,won,1st,v Ireland,Greater Noida,19 Mar 2017,Afghanistan
lost,3 wickets,won,1st,v Ireland,Greater Noida,22 Mar 2017,Afghanistan
won,7 wickets,lost,2nd,v Ireland,Greater Noida,24 Mar 2017,Afghanistan
lost,90 runs,won,2nd,v Bangladesh,Dambulla,25 Mar 2017,SriLanka
won,90 runs,lost,1st,v Sri Lanka,Dambulla,25 Mar 2017,Bangladesh
n/r,-,won,1st,v Bangladesh,Dambulla,28 Mar 2017,SriLanka
n/r,-,lost,2nd,v Sri Lanka,Dambulla,28 Mar 2017,Bangladesh
won,70 runs,lost,1st,v Bangladesh,Colombo (SSC),1 Apr 2017,SriLanka
lost,70 runs,won,2nd,v Sri Lanka,Colombo (SSC),1 Apr 2017,Bangladesh
won,4 wickets,won,2nd,v Pakistan,Providence,7 Apr 2017,WestIndies
lost,4 wickets,lost,1st,v West Indies,Providence,7 Apr 2017,Pakistan
lost,74 runs,won,2nd,v Pakistan,Providence,9 Apr 2017,WestIndies
won,74 runs,lost,1st,v West Indies,Providence,9 Apr 2017,Pakistan
lost,6 wickets,won,1st,v Pakistan,Providence,11 Apr 2017,WestIndies
won,6 wickets,lost,2nd,v West Indies,Providence,11 Apr 2017,Pakistan
won,7 wickets,lost,2nd,v Ireland,Bristol,5 May 2017,England
won,85 runs,lost,1st,v Ireland,Lord's,7 May 2017,England
n/r,-,lost,1st,v Ireland,Dublin (Malahide),12 May 2017,Bangladesh
won,51 runs,lost,1st,v Ireland,Dublin (Malahide),14 May 2017,Newzealad
won,4 wickets,won,2nd,v Bangladesh,Dublin,17 May 2017,Newzealad
lost,4 wickets,lost,1st,v New Zealand,Dublin,17 May 2017,Bangladesh
won,8 wickets,won,2nd,v Ireland,Dublin (Malahide),19 May 2017,Bangladesh
won,190 runs,lost,1st,v Ireland,Dublin (Malahide),21 May 2017,Newzealad
lost,5 wickets,lost,1st,v Bangladesh,Dublin,24 May 2017,Newzealad
won,5 wickets,won,2nd,v New Zealand,Dublin,24 May 2017,Bangladesh
lost,72 runs,won,2nd,v England,Leeds,24 May 2017,SouthAfrica
won,72 runs,lost,1st,v South Africa,Leeds,24 May 2017,England
lost,2 runs,won,2nd,v England,Southampton,27 May 2017,SouthAfrica
won,2 runs,lost,1st,v South Africa,Southampton,27 May 2017,England
won,7 wickets,won,2nd,v England,Lord's,29 May 2017,SouthAfrica
lost,7 wickets,lost,1st,v South Africa,Lord's,29 May 2017,England
won,8 wickets,won,2nd,v Bangladesh,The Oval,1 Jun 2017,England
lost,8 wickets,lost,1st,v England,The Oval,1 Jun 2017,Bangladesh
n/r,-,won,1st,v Australia,Birmingham,2 Jun 2017,Newzealad
n/r,-,lost,2nd,v New Zealand,Birmingham,2 Jun 2017,Australia
lost,96 runs,won,2nd,v South Africa,The Oval,3 Jun 2017,SriLanka
won,96 runs,lost,1st,v Sri Lanka,The Oval,3 Jun 2017,SouthAfrica
lost,124 runs,won,2nd,v India,Birmingham,4 Jun 2017,Pakistan
won,124 runs,lost,1st,v Pakistan,Birmingham,4 Jun 2017,India
n/r,-,won,1st,v Australia,The Oval,5 Jun 2017,Bangladesh
n/r,-,lost,2nd,v Bangladesh,The Oval,5 Jun 2017,Australia
lost,87 runs,won,2nd,v England,Cardiff,6 Jun 2017,Newzealad
won,87 runs,lost,1st,v New Zealand,Cardiff,6 Jun 2017,England
lost,19 runs,won,1st,v Pakistan,Birmingham,7 Jun 2017,SouthAfrica
won,19 runs,lost,2nd,v South Africa,Birmingham,7 Jun 2017,Pakistan
won,7 wickets,won,2nd,v India,The Oval,8 Jun 2017,SriLanka
lost,7 wickets,lost,1st,v Sri Lanka,The Oval,8 Jun 2017,India
lost,5 wickets,won,1st,v Bangladesh,Cardiff,9 Jun 2017,Newzealad
won,5 wickets,lost,2nd,v New Zealand,Cardiff,9 Jun 2017,Bangladesh
lost,63 runs,lost,2nd,v Afghanistan,Gros Islet,9 Jun 2017,WestIndies
won,63 runs,won,1st,v West Indies,Gros Islet,9 Jun 2017,Afghanistan
won,40 runs,won,2nd,v Australia,Birmingham,10 Jun 2017,England
lost,40 runs,lost,1st,v England,Birmingham,10 Jun 2017,Australia
lost,8 wickets,lost,1st,v India,The Oval,11 Jun 2017,SouthAfrica
won,8 wickets,won,2nd,v South Africa,The Oval,11 Jun 2017,India
won,4 wickets,lost,2nd,v Afghanistan,Gros Islet,11 Jun 2017,WestIndies
lost,4 wickets,won,1st,v West Indies,Gros Islet,11 Jun 2017,Afghanistan
lost,3 wickets,lost,1st,v Pakistan,Cardiff,12 Jun 2017,SriLanka
won,3 wickets,won,2nd,v Sri Lanka,Cardiff,12 Jun 2017,Pakistan
won,8 wickets,won,2nd,v England,Cardiff,14 Jun 2017,Pakistan
lost,8 wickets,lost,1st,v Pakistan,Cardiff,14 Jun 2017,England
n/r,-,lost,-,v Afghanistan,Gros Islet,14 Jun 2017,WestIndies
n/r,-,won,-,v West Indies,Gros Islet,14 Jun 2017,Afghanistan
won,9 wickets,won,2nd,v Bangladesh,Birmingham,15 Jun 2017,India
lost,9 wickets,lost,1st,v India,Birmingham,15 Jun 2017,Bangladesh
won,180 runs,lost,1st,v India,The Oval,18 Jun 2017,Pakistan
lost,180 runs,won,2nd,v Pakistan,The Oval,18 Jun 2017,India
n/r,-,won,2nd,v India,Port of Spain,23 Jun 2017,WestIndies
n/r,-,lost,1st,v West Indies,Port of Spain,23 Jun 2017,India
lost,105 runs,won,2nd,v India,Port of Spain,25 Jun 2017,WestIndies
won,105 runs,lost,1st,v West Indies,Port of Spain,25 Jun 2017,India
lost,6 wickets,won,1st,v Zimbabwe,Galle,30 Jun 2017,SriLanka
lost,93 runs,won,2nd,v India,North Sound,30 Jun 2017,WestIndies
won,93 runs,lost,1st,v West Indies,North Sound,30 Jun 2017,India
won,7 wickets,won,2nd,v Zimbabwe,Galle,2 Jul 2017,SriLanka
won,11 runs,won,1st,v India,North Sound,2 Jul 2017,WestIndies
lost,11 runs,lost,2nd,v West Indies,North Sound,2 Jul 2017,India
won,8 wickets,won,2nd,v Zimbabwe,Hambantota,6 Jul 2017,SriLanka
lost,8 wickets,won,1st,v India,Kingston,6 Jul 2017,WestIndies
won,8 wickets,lost,2nd,v West Indies,Kingston,6 Jul 2017,India
lost,4 wickets,won,1st,v Zimbabwe,Hambantota,8 Jul 2017,SriLanka
lost,3 wickets,lost,1st,v Zimbabwe,Hambantota,10 Jul 2017,SriLanka
lost,9 wickets,lost,1st,v India,Dambulla,20 Aug 2017,SriLanka
won,9 wickets,won,2nd,v Sri Lanka,Dambulla,20 Aug 2017,India
lost,3 wickets,lost,1st,v India,Pallekele,24 Aug 2017,SriLanka
won,3 wickets,won,2nd,v Sri Lanka,Pallekele,24 Aug 2017,India
lost,6 wickets,won,1st,v India,Pallekele,27 Aug 2017,SriLanka
won,6 wickets,lost,2nd,v Sri Lanka,Pallekele,27 Aug 2017,India
lost,168 runs,lost,2nd,v India,Colombo (RPS),31 Aug 2017,SriLanka
won,168 runs,won,1st,v Sri Lanka,Colombo (RPS),31 Aug 2017,India
lost,6 wickets,won,1st,v India,Colombo (RPS),3 Sep 2017,SriLanka
won,6 wickets,lost,2nd,v Sri Lanka,Colombo (RPS),3 Sep 2017,India
aban,-,-,-,v Ireland,Belfast,13 Sep 2017,WestIndies
won,26 runs,won,1st,v Australia,Chennai,17 Sep 2017,India
lost,26 runs,lost,2nd,v India,Chennai,17 Sep 2017,Australia
lost,7 wickets,won,1st,v England,Manchester,19 Sep 2017,WestIndies
won,7 wickets,lost,2nd,v West Indies,Manchester,19 Sep 2017,England
won,50 runs,won,1st,v Australia,Kolkata,21 Sep 2017,India
lost,50 runs,lost,2nd,v India,Kolkata,21 Sep 2017,Australia
n/r,-,won,2nd,v England,Nottingham,21 Sep 2017,WestIndies
n/r,-,lost,1st,v West Indies,Nottingham,21 Sep 2017,England
won,5 wickets,lost,2nd,v Australia,Indore,24 Sep 2017,India
lost,5 wickets,won,1st,v India,Indore,24 Sep 2017,Australia
lost,124 runs,won,2nd,v England,Bristol,24 Sep 2017,WestIndies
won,124 runs,lost,1st,v West Indies,Bristol,24 Sep 2017,England
lost,6 runs,lost,1st,v England,The Oval,27 Sep 2017,WestIndies
won,6 runs,won,2nd,v West Indies,The Oval,27 Sep 2017,England
lost,21 runs,lost,2nd,v Australia,Bengaluru,28 Sep 2017,India
won,21 runs,won,1st,v India,Bengaluru,28 Sep 2017,Australia
lost,9 wickets,lost,1st,v England,Southampton,29 Sep 2017,WestIndies
won,9 wickets,won,2nd,v West Indies,Southampton,29 Sep 2017,England
won,7 wickets,lost,2nd,v Australia,Nagpur,1 Oct 2017,India
lost,7 wickets,won,1st,v India,Nagpur,1 Oct 2017,Australia
lost,83 runs,won,2nd,v Pakistan,Dubai (DSC),13 Oct 2017,SriLanka
won,83 runs,lost,1st,v Sri Lanka,Dubai (DSC),13 Oct 2017,Pakistan
won,10 wickets,lost,2nd,v Bangladesh,Kimberley,15 Oct 2017,SouthAfrica
lost,10 wickets,won,1st,v South Africa,Kimberley,15 Oct 2017,Bangladesh
lost,32 runs,lost,2nd,v Pakistan,Abu Dhabi,16 Oct 2017,SriLanka
won,32 runs,won,1st,v Sri Lanka,Abu Dhabi,16 Oct 2017,Pakistan
won,104 runs,lost,1st,v Bangladesh,Paarl,18 Oct 2017,SouthAfrica
lost,104 runs,won,2nd,v South Africa,Paarl,18 Oct 2017,Bangladesh
lost,7 wickets,won,1st,v Pakistan,Abu Dhabi,18 Oct 2017,SriLanka
won,7 wickets,lost,2nd,v Sri Lanka,Abu Dhabi,18 Oct 2017,Pakistan
lost,7 wickets,won,1st,v Pakistan,Sharjah,20 Oct 2017,SriLanka
won,7 wickets,lost,2nd,v Sri Lanka,Sharjah,20 Oct 2017,Pakistan
won,6 wickets,lost,2nd,v India,Mumbai,22 Oct 2017,Newzealad
lost,6 wickets,won,1st,v New Zealand,Mumbai,22 Oct 2017,India
won,200 runs,won,1st,v Bangladesh,East London,22 Oct 2017,SouthAfrica
lost,200 runs,lost,2nd,v South Africa,East London,22 Oct 2017,Bangladesh
lost,9 wickets,won,1st,v Pakistan,Sharjah,23 Oct 2017,SriLanka
won,9 wickets,lost,2nd,v Sri Lanka,Sharjah,23 Oct 2017,Pakistan
lost,6 wickets,won,1st,v India,Pune,25 Oct 2017,Newzealad
won,6 wickets,lost,2nd,v New Zealand,Pune,25 Oct 2017,India
lost,6 runs,won,2nd,v India,Kanpur,29 Oct 2017,Newzealad
won,6 runs,lost,1st,v New Zealand,Kanpur,29 Oct 2017,India
won,138 runs,lost,1st,v Ireland,Sharjah,5 Dec 2017,Afghanistan
lost,51 runs,lost,2nd,v Ireland,Sharjah,7 Dec 2017,Afghanistan
won,7 wickets,won,2nd,v India,Dharamsala,10 Dec 2017,SriLanka
lost,7 wickets,lost,1st,v Sri Lanka,Dharamsala,10 Dec 2017,India
lost,5 wickets,won,1st,v Ireland,Sharjah,10 Dec 2017,Afghanistan
lost,141 runs,won,2nd,v India,Mohali,13 Dec 2017,SriLanka
won,141 runs,lost,1st,v Sri Lanka,Mohali,13 Dec 2017,India
lost,8 wickets,lost,1st,v India,Visakhapatnam,17 Dec 2017,SriLanka
won,8 wickets,won,2nd,v Sri Lanka,Visakhapatnam,17 Dec 2017,India
lost,5 wickets,lost,1st,v New Zealand,Whangarei,20 Dec 2017,WestIndies
won,5 wickets,won,2nd,v West Indies,Whangarei,20 Dec 2017,Newzealad
lost,204 runs,won,2nd,v New Zealand,Christchurch,23 Dec 2017,WestIndies
won,204 runs,lost,1st,v West Indies,Christchurch,23 Dec 2017,Newzealad
lost,66 runs,lost,2nd,v New Zealand,Christchurch,26 Dec 2017,WestIndies
won,66 runs,won,1st,v West Indies,Christchurch,26 Dec 2017,Newzealad
lost,61 runs,won,2nd,v New Zealand,Wellington,6 Jan 2018,Pakistan
won,61 runs,lost,1st,v Pakistan,Wellington,6 Jan 2018,Newzealad
lost,8 wickets,won,1st,v New Zealand,Nelson,9 Jan 2018,Pakistan
won,8 wickets,lost,2nd,v Pakistan,Nelson,9 Jan 2018,Newzealad
lost,183 runs,lost,2nd,v New Zealand,Dunedin,13 Jan 2018,Pakistan
won,183 runs,won,1st,v Pakistan,Dunedin,13 Jan 2018,Newzealad
won,5 wickets,won,2nd,v Australia,Melbourne,14 Jan 2018,England
lost,5 wickets,lost,1st,v England,Melbourne,14 Jan 2018,Australia
won,8 wickets,won,2nd,v Zimbabwe,Dhaka,15 Jan 2018,Bangladesh
lost,5 wickets,won,1st,v New Zealand,Hamilton,16 Jan 2018,Pakistan
won,5 wickets,lost,2nd,v Pakistan,Hamilton,16 Jan 2018,Newzealad
lost,12 runs,won,2nd,v Zimbabwe,Dhaka,17 Jan 2018,SriLanka
lost,15 runs,lost,2nd,v New Zealand,Wellington,19 Jan 2018,Pakistan
won,15 runs,won,1st,v Pakistan,Wellington,19 Jan 2018,Newzealad
won,4 wickets,lost,2nd,v Australia,Brisbane,19 Jan 2018,England
lost,4 wickets,won,1st,v England,Brisbane,19 Jan 2018,Australia
lost,163 runs,lost,2nd,v Bangladesh,Dhaka,19 Jan 2018,SriLanka
won,163 runs,won,1st,v Sri Lanka,Dhaka,19 Jan 2018,Bangladesh
won,16 runs,lost,1st,v Australia,Sydney,21 Jan 2018,England
lost,16 runs,won,2nd,v England,Sydney,21 Jan 2018,Australia
won,5 wickets,lost,2nd,v Zimbabwe,Dhaka,21 Jan 2018,SriLanka
won,91 runs,won,1st,v Zimbabwe,Dhaka,23 Jan 2018,Bangladesh
won,10 wickets,lost,2nd,v Bangladesh,Dhaka,25 Jan 2018,SriLanka
lost,10 wickets,won,1st,v Sri Lanka,Dhaka,25 Jan 2018,Bangladesh
lost,3 wickets,lost,1st,v Australia,Adelaide,26 Jan 2018,England
won,3 wickets,won,2nd,v England,Adelaide,26 Jan 2018,Australia
won,79 runs,won,1st,v Bangladesh,Dhaka,27 Jan 2018,SriLanka
lost,79 runs,lost,2nd,v Sri Lanka,Dhaka,27 Jan 2018,Bangladesh
won,12 runs,lost,1st,v Australia,Perth,28 Jan 2018,England
lost,12 runs,won,2nd,v England,Perth,28 Jan 2018,Australia
lost,6 wickets,won,1st,v India,Durban,1 Feb 2018,SouthAfrica
won,6 wickets,lost,2nd,v South Africa,Durban,1 Feb 2018,India
lost,9 wickets,lost,1st,v India,Centurion,4 Feb 2018,SouthAfrica
won,9 wickets,won,2nd,v South Africa,Centurion,4 Feb 2018,India
lost,124 runs,won,2nd,v India,Cape Town,7 Feb 2018,SouthAfrica
won,124 runs,lost,1st,v South Africa,Cape Town,7 Feb 2018,India
won,154 runs,won,1st,v Zimbabwe,Sharjah,9 Feb 2018,Afghanistan
won,5 wickets,lost,2nd,v India,Johannesburg,10 Feb 2018,SouthAfrica
lost,5 wickets,won,1st,v South Africa,Johannesburg,10 Feb 2018,India
lost,154 runs,lost,2nd,v Zimbabwe,Sharjah,11 Feb 2018,Afghanistan
won,6 wickets,lost,2nd,v Zimbabwe,Sharjah,13 Feb 2018,Afghanistan
lost,73 runs,won,2nd,v India,Port Elizabeth,13 Feb 2018,SouthAfrica
won,73 runs,lost,1st,v South Africa,Port Elizabeth,13 Feb 2018,India
won,10 wickets,lost,2nd,v Zimbabwe,Sharjah,16 Feb 2018,Afghanistan
lost,8 wickets,lost,1st,v India,Centurion,16 Feb 2018,SouthAfrica
won,8 wickets,won,2nd,v South Africa,Centurion,16 Feb 2018,India
won,146 runs,won,1st,v Zimbabwe,Sharjah,19 Feb 2018,Afghanistan
won,3 wickets,won,2nd,v England,Hamilton,25 Feb 2018,Newzealad
lost,3 wickets,lost,1st,v New Zealand,Hamilton,25 Feb 2018,England
lost,6 wickets,lost,1st,v England,Mount Maunganui,28 Feb 2018,Newzealad
won,6 wickets,won,2nd,v New Zealand,Mount Maunganui,28 Feb 2018,England
lost,4 runs,won,2nd,v England,Wellington,3 Mar 2018,Newzealad
won,4 runs,lost,1st,v New Zealand,Wellington,3 Mar 2018,England
lost,7 wickets,lost,1st,v Scotland,Bulawayo,4 Mar 2018,Afghanistan
won,60 runs,won,1st,v U.A.E.,Harare,6 Mar 2018,WestIndies
lost,2 runs,lost,2nd,v Zimbabwe,Bulawayo,6 Mar 2018,Afghanistan
won,5 wickets,won,2nd,v England,Dunedin,7 Mar 2018,Newzealad
lost,5 wickets,lost,1st,v New Zealand,Dunedin,7 Mar 2018,England
lost,30 runs,won,2nd,v Hong Kong,Bulawayo,8 Mar 2018,Afghanistan
won,6 wickets,lost,2nd,v P.N.G.,Harare,8 Mar 2018,WestIndies
lost,7 wickets,lost,1st,v England,Christchurch,10 Mar 2018,Newzealad
won,7 wickets,won,2nd,v New Zealand,Christchurch,10 Mar 2018,England
won,52 runs,lost,1st,v Ireland,Harare,10 Mar 2018,WestIndies
lost,3 wickets,won,1st,v Afghanistan,Harare,15 Mar 2018,WestIndies
won,3 wickets,lost,2nd,v West Indies,Harare,15 Mar 2018,Afghanistan
won,4 wickets,lost,2nd,v Zimbabwe,Harare,19 Mar 2018,WestIndies
won,5 wickets,lost,2nd,v U.A.E.,Harare,20 Mar 2018,Afghanistan
won,5 runs,lost,1st,v Scotland,Harare,21 Mar 2018,WestIndies
won,5 wickets,lost,2nd,v Ireland,Harare,23 Mar 2018,Afghanistan
lost,7 wickets,won,1st,v Afghanistan,Harare,25 Mar 2018,WestIndies
won,7 wickets,lost,2nd,v West Indies,Harare,25 Mar 2018,Afghanistan
lost,6 runs,won,2nd,v Scotland,Edinburgh,10 Jun 2018,England
won,3 wickets,lost,2nd,v Australia,The Oval,13 Jun 2018,England
lost,3 wickets,won,1st,v England,The Oval,13 Jun 2018,Australia
won,38 runs,lost,1st,v Australia,Cardiff,16 Jun 2018,England
lost,38 runs,won,2nd,v England,Cardiff,16 Jun 2018,Australia
won,242 runs,lost,1st,v Australia,Nottingham,19 Jun 2018,England
lost,242 runs,won,2nd,v England,Nottingham,19 Jun 2018,Australia
won,6 wickets,lost,2nd,v Australia,Chester-le-Street,21 Jun 2018,England
lost,6 wickets,won,1st,v England,Chester-le-Street,21 Jun 2018,Australia
won,1 wickets,lost,2nd,v Australia,Manchester,24 Jun 2018,England
lost,1 wickets,won,1st,v England,Manchester,24 Jun 2018,Australia
won,8 wickets,won,2nd,v England,Nottingham,12 Jul 2018,India
lost,8 wickets,lost,1st,v India,Nottingham,12 Jul 2018,England
won,201 runs,lost,1st,v Zimbabwe,Bulawayo,13 Jul 2018,Pakistan
lost,86 runs,lost,2nd,v England,Lord's,14 Jul 2018,India
won,86 runs,won,1st,v India,Lord's,14 Jul 2018,England
won,9 wickets,lost,2nd,v Zimbabwe,Bulawayo,16 Jul 2018,Pakistan
lost,8 wickets,lost,1st,v England,Leeds,17 Jul 2018,India
won,8 wickets,won,2nd,v India,Leeds,17 Jul 2018,England
won,9 wickets,lost,2nd,v Zimbabwe,Bulawayo,18 Jul 2018,Pakistan
won,244 runs,won,1st,v Zimbabwe,Bulawayo,20 Jul 2018,Pakistan
won,131 runs,won,1st,v Zimbabwe,Bulawayo,22 Jul 2018,Pakistan
lost,48 runs,lost,2nd,v Bangladesh,Providence,22 Jul 2018,WestIndies
won,48 runs,won,1st,v West Indies,Providence,22 Jul 2018,Bangladesh
won,3 runs,lost,1st,v Bangladesh,Providence,25 Jul 2018,WestIndies
lost,3 runs,won,2nd,v West Indies,Providence,25 Jul 2018,Bangladesh
lost,18 runs,lost,2nd,v Bangladesh,Basseterre,28 Jul 2018,WestIndies
won,18 runs,won,1st,v West Indies,Basseterre,28 Jul 2018,Bangladesh
lost,5 wickets,won,1st,v South Africa,Dambulla,29 Jul 2018,SriLanka
won,5 wickets,lost,2nd,v Sri Lanka,Dambulla,29 Jul 2018,SouthAfrica
lost,4 wickets,won,1st,v South Africa,Dambulla,1 Aug 2018,SriLanka
won,4 wickets,lost,2nd,v Sri Lanka,Dambulla,1 Aug 2018,SouthAfrica
lost,78 runs,won,2nd,v South Africa,Pallekele,5 Aug 2018,SriLanka
won,78 runs,lost,1st,v Sri Lanka,Pallekele,5 Aug 2018,SouthAfrica
won,3 runs,lost,1st,v South Africa,Pallekele,8 Aug 2018,SriLanka
lost,3 runs,won,2nd,v Sri Lanka,Pallekele,8 Aug 2018,SouthAfrica
won,178 runs,won,1st,v South Africa,Colombo (RPS),12 Aug 2018,SriLanka
lost,178 runs,lost,2nd,v Sri Lanka,Colombo (RPS),12 Aug 2018,SouthAfrica
won,29 runs,lost,1st,v Ireland,Belfast,27 Aug 2018,Afghanistan
lost,3 wickets,won,1st,v Ireland,Belfast,29 Aug 2018,Afghanistan
won,8 wickets,lost,2nd,v Ireland,Belfast,31 Aug 2018,Afghanistan
lost,137 runs,lost,2nd,v Bangladesh,Dubai (DSC),15 Sep 2018,SriLanka
won,137 runs,won,1st,v Sri Lanka,Dubai (DSC),15 Sep 2018,Bangladesh
won,8 wickets,lost,2nd,v Hong Kong,Dubai (DSC),16 Sep 2018,Pakistan
lost,91 runs,lost,2nd,v Afghanistan,Abu Dhabi,17 Sep 2018,SriLanka
won,91 runs,won,1st,v Sri Lanka,Abu Dhabi,17 Sep 2018,Afghanistan
won,26 runs,lost,1st,v Hong Kong,Dubai (DSC),18 Sep 2018,India
lost,8 wickets,won,1st,v India,Dubai (DSC),19 Sep 2018,Pakistan
won,8 wickets,lost,2nd,v Pakistan,Dubai (DSC),19 Sep 2018,India
lost,136 runs,lost,2nd,v Afghanistan,Abu Dhabi,20 Sep 2018,Bangladesh
won,136 runs,won,1st,v Bangladesh,Abu Dhabi,20 Sep 2018,Afghanistan
won,7 wickets,won,2nd,v Bangladesh,Dubai (DSC),21 Sep 2018,India
lost,7 wickets,lost,1st,v India,Dubai (DSC),21 Sep 2018,Bangladesh
won,3 wickets,lost,2nd,v Afghanistan,Abu Dhabi,21 Sep 2018,Pakistan
lost,3 wickets,won,1st,v Pakistan,Abu Dhabi,21 Sep 2018,Afghanistan
lost,9 wickets,won,1st,v India,Dubai (DSC),23 Sep 2018,Pakistan
won,9 wickets,lost,2nd,v Pakistan,Dubai (DSC),23 Sep 2018,India
won,3 runs,won,1st,v Afghanistan,Abu Dhabi,23 Sep 2018,Bangladesh
lost,3 runs,lost,2nd,v Bangladesh,Abu Dhabi,23 Sep 2018,Afghanistan
tied,-,lost,2nd,v Afghanistan,Dubai (DSC),25 Sep 2018,India
tied,-,won,1st,v India,Dubai (DSC),25 Sep 2018,Afghanistan
lost,37 runs,lost,2nd,v Bangladesh,Abu Dhabi,26 Sep 2018,Pakistan
won,37 runs,won,1st,v Pakistan,Abu Dhabi,26 Sep 2018,Bangladesh
won,3 wickets,won,2nd,v Bangladesh,Dubai (DSC),28 Sep 2018,India
lost,3 wickets,lost,1st,v India,Dubai (DSC),28 Sep 2018,Bangladesh
won,5 wickets,won,2nd,v Zimbabwe,Kimberley,30 Sep 2018,SouthAfrica
won,120 runs,won,1st,v Zimbabwe,Bloemfontein,3 Oct 2018,SouthAfrica
won,4 wickets,lost,2nd,v Zimbabwe,Paarl,6 Oct 2018,SouthAfrica
n/r,-,won,2nd,v England,Dambulla,10 Oct 2018,SriLanka
n/r,-,lost,1st,v Sri Lanka,Dambulla,10 Oct 2018,England
lost,31 runs,won,2nd,v England,Dambulla,13 Oct 2018,SriLanka
won,31 runs,lost,1st,v Sri Lanka,Dambulla,13 Oct 2018,England
lost,7 wickets,lost,1st,v England,Pallekele,17 Oct 2018,SriLanka
won,7 wickets,won,2nd,v Sri Lanka,Pallekele,17 Oct 2018,England
lost,18 runs,lost,1st,v England,Pallekele,20 Oct 2018,SriLanka
won,18 runs,won,2nd,v Sri Lanka,Pallekele,20 Oct 2018,England
lost,8 wickets,lost,1st,v India,Guwahati,21 Oct 2018,WestIndies
won,8 wickets,won,2nd,v West Indies,Guwahati,21 Oct 2018,India
won,28 runs,won,1st,v Zimbabwe,Dhaka,21 Oct 2018,Bangladesh
won,219 runs,won,1st,v England,Colombo (RPS),23 Oct 2018,SriLanka
lost,219 runs,lost,2nd,v Sri Lanka,Colombo (RPS),23 Oct 2018,England
tied,-,lost,2nd,v India,Visakhapatnam,24 Oct 2018,WestIndies
tied,-,won,1st,v West Indies,Visakhapatnam,24 Oct 2018,India
won,7 wickets,won,2nd,v Zimbabwe,Chattogram,24 Oct 2018,Bangladesh
won,7 wickets,won,2nd,v Zimbabwe,Chattogram,26 Oct 2018,Bangladesh
won,43 runs,lost,1st,v India,Pune,27 Oct 2018,WestIndies
lost,43 runs,won,2nd,v West Indies,Pune,27 Oct 2018,India
lost,224 runs,lost,2nd,v India,Mumbai (BS),29 Oct 2018,WestIndies
won,224 runs,won,1st,v West Indies,Mumbai (BS),29 Oct 2018,India
lost,9 wickets,won,1st,v India,Thiruvananthapuram,1 Nov 2018,WestIndies
won,9 wickets,lost,2nd,v West Indies,Thiruvananthapuram,1 Nov 2018,India
won,6 wickets,won,2nd,v Australia,Perth,4 Nov 2018,SouthAfrica
lost,6 wickets,lost,1st,v South Africa,Perth,4 Nov 2018,Australia
lost,47 runs,lost,2nd,v New Zealand,Abu Dhabi,7 Nov 2018,Pakistan
won,47 runs,won,1st,v Pakistan,Abu Dhabi,7 Nov 2018,Newzealad
lost,7 runs,won,2nd,v Australia,Adelaide,9 Nov 2018,SouthAfrica
won,7 runs,lost,1st,v South Africa,Adelaide,9 Nov 2018,Australia
won,6 wickets,lost,2nd,v New Zealand,Abu Dhabi,9 Nov 2018,Pakistan
lost,6 wickets,won,1st,v Pakistan,Abu Dhabi,9 Nov 2018,Newzealad
won,40 runs,lost,1st,v Australia,Hobart,11 Nov 2018,SouthAfrica
lost,40 runs,won,2nd,v South Africa,Hobart,11 Nov 2018,Australia
n/r,-,won,1st,v New Zealand,Dubai (DSC),11 Nov 2018,Pakistan
n/r,-,lost,2nd,v Pakistan,Dubai (DSC),11 Nov 2018,Newzealad
lost,5 wickets,won,1st,v Bangladesh,Dhaka,9 Dec 2018,WestIndies
won,5 wickets,lost,2nd,v West Indies,Dhaka,9 Dec 2018,Bangladesh
won,4 wickets,won,2nd,v Bangladesh,Dhaka,11 Dec 2018,WestIndies
lost,4 wickets,lost,1st,v West Indies,Dhaka,11 Dec 2018,Bangladesh
lost,8 wickets,lost,1st,v Bangladesh,Sylhet,14 Dec 2018,WestIndies
won,8 wickets,won,2nd,v West Indies,Sylhet,14 Dec 2018,Bangladesh
lost,45 runs,lost,2nd,v New Zealand,Mount Maunganui,3 Jan 2019,SriLanka
won,45 runs,won,1st,v Sri Lanka,Mount Maunganui,3 Jan 2019,Newzealad
lost,21 runs,lost,2nd,v New Zealand,Mount Maunganui,5 Jan 2019,SriLanka
won,21 runs,won,1st,v Sri Lanka,Mount Maunganui,5 Jan 2019,Newzealad
lost,115 runs,won,2nd,v New Zealand,Nelson,8 Jan 2019,SriLanka
won,115 runs,lost,1st,v Sri Lanka,Nelson,8 Jan 2019,Newzealad
lost,34 runs,lost,2nd,v Australia,Sydney,12 Jan 2019,India
won,34 runs,won,1st,v India,Sydney,12 Jan 2019,Australia
won,6 wickets,lost,2nd,v Australia,Adelaide,15 Jan 2019,India
lost,6 wickets,won,1st,v India,Adelaide,15 Jan 2019,Australia
won,7 wickets,won,2nd,v Australia,Melbourne,18 Jan 2019,India
lost,7 wickets,lost,1st,v India,Melbourne,18 Jan 2019,Australia
lost,5 wickets,won,1st,v Pakistan,Port Elizabeth,19 Jan 2019,SouthAfrica
won,5 wickets,lost,2nd,v South Africa,Port Elizabeth,19 Jan 2019,Pakistan
won,5 wickets,won,2nd,v Pakistan,Durban,22 Jan 2019,SouthAfrica
lost,5 wickets,lost,1st,v South Africa,Durban,22 Jan 2019,Pakistan
lost,8 wickets,won,1st,v India,Napier,23 Jan 2019,Newzealad
won,8 wickets,lost,2nd,v New Zealand,Napier,23 Jan 2019,India
won,13 runs,lost,2nd,v Pakistan,Centurion,25 Jan 2019,SouthAfrica
lost,13 runs,won,1st,v South Africa,Centurion,25 Jan 2019,Pakistan
lost,90 runs,lost,2nd,v India,Mount Maunganui,26 Jan 2019,Newzealad
won,90 runs,won,1st,v New Zealand,Mount Maunganui,26 Jan 2019,India
lost,8 wickets,lost,1st,v Pakistan,Johannesburg,27 Jan 2019,SouthAfrica
won,8 wickets,won,2nd,v South Africa,Johannesburg,27 Jan 2019,Pakistan
lost,7 wickets,won,1st,v India,Mount Maunganui,28 Jan 2019,Newzealad
won,7 wickets,lost,2nd,v New Zealand,Mount Maunganui,28 Jan 2019,India
won,7 wickets,won,2nd,v Pakistan,Cape Town,30 Jan 2019,SouthAfrica
lost,7 wickets,lost,1st,v South Africa,Cape Town,30 Jan 2019,Pakistan
won,8 wickets,won,2nd,v India,Hamilton,31 Jan 2019,Newzealad
lost,8 wickets,lost,1st,v New Zealand,Hamilton,31 Jan 2019,India
lost,35 runs,lost,2nd,v India,Wellington,3 Feb 2019,Newzealad
won,35 runs,won,1st,v New Zealand,Wellington,3 Feb 2019,India
won,8 wickets,lost,2nd,v Bangladesh,Napier,13 Feb 2019,Newzealad
lost,8 wickets,won,1st,v New Zealand,Napier,13 Feb 2019,Bangladesh
won,8 wickets,won,2nd,v Bangladesh,Christchurch,16 Feb 2019,Newzealad
lost,8 wickets,lost,1st,v New Zealand,Christchurch,16 Feb 2019,Bangladesh
won,88 runs,lost,1st,v Bangladesh,Dunedin,20 Feb 2019,Newzealad
lost,88 runs,won,2nd,v New Zealand,Dunedin,20 Feb 2019,Bangladesh
lost,6 wickets,won,1st,v England,Bridgetown,20 Feb 2019,WestIndies
won,6 wickets,lost,2nd,v West Indies,Bridgetown,20 Feb 2019,England
won,26 runs,lost,1st,v England,Bridgetown,22 Feb 2019,WestIndies
lost,26 runs,won,2nd,v West Indies,Bridgetown,22 Feb 2019,England
n/r,-,lost,-,v England,St George's,25 Feb 2019,WestIndies
n/r,-,won,-,v West Indies,St George's,25 Feb 2019,England
lost,29 runs,won,2nd,v England,St George's,27 Feb 2019,WestIndies
won,29 runs,lost,1st,v West Indies,St George's,27 Feb 2019,England
won,5 wickets,lost,2nd,v Ireland,Dehradun,28 Feb 2019,Afghanistan
n/r,-,won,1st,v Ireland,Dehradun,2 Mar 2019,Afghanistan
won,6 wickets,lost,2nd,v Australia,Hyderabad (Deccan),2 Mar 2019,India
lost,6 wickets,won,1st,v India,Hyderabad (Deccan),2 Mar 2019,Australia
won,7 wickets,won,2nd,v England,Gros Islet,2 Mar 2019,WestIndies
lost,7 wickets,lost,1st,v West Indies,Gros Islet,2 Mar 2019,England
lost,8 wickets,lost,1st,v South Africa,Johannesburg,3 Mar 2019,SriLanka
won,8 wickets,won,2nd,v Sri Lanka,Johannesburg,3 Mar 2019,SouthAfrica
lost,4 wickets,won,1st,v Ireland,Dehradun,5 Mar 2019,Afghanistan
won,8 runs,lost,1st,v Australia,Nagpur,5 Mar 2019,India
lost,8 runs,won,2nd,v India,Nagpur,5 Mar 2019,Australia
lost,113 runs,won,2nd,v South Africa,Centurion,6 Mar 2019,SriLanka
won,113 runs,lost,1st,v Sri Lanka,Centurion,6 Mar 2019,SouthAfrica
won,109 runs,lost,1st,v Ireland,Dehradun,8 Mar 2019,Afghanistan
lost,32 runs,won,2nd,v Australia,Ranchi,8 Mar 2019,India
won,32 runs,lost,1st,v India,Ranchi,8 Mar 2019,Australia
lost,5 wickets,lost,1st,v Ireland,Dehradun,10 Mar 2019,Afghanistan
lost,4 wickets,won,1st,v Australia,Mohali,10 Mar 2019,India
won,4 wickets,lost,2nd,v India,Mohali,10 Mar 2019,Australia
lost,71 runs,won,2nd,v South Africa,Durban,10 Mar 2019,SriLanka
won,71 runs,lost,1st,v Sri Lanka,Durban,10 Mar 2019,SouthAfrica
lost,35 runs,lost,2nd,v Australia,Delhi,13 Mar 2019,India
won,35 runs,won,1st,v India,Delhi,13 Mar 2019,Australia
lost,6 wickets,lost,1st,v South Africa,Port Elizabeth,13 Mar 2019,SriLanka
won,6 wickets,won,2nd,v Sri Lanka,Port Elizabeth,13 Mar 2019,SouthAfrica
lost,41 runs,won,1st,v South Africa,Cape Town,16 Mar 2019,SriLanka
won,41 runs,lost,2nd,v Sri Lanka,Cape Town,16 Mar 2019,SouthAfrica
lost,8 wickets,won,1st,v Australia,Sharjah,22 Mar 2019,Pakistan
won,8 wickets,lost,2nd,v Pakistan,Sharjah,22 Mar 2019,Australia
lost,8 wickets,won,1st,v Australia,Sharjah,24 Mar 2019,Pakistan
won,8 wickets,lost,2nd,v Pakistan,Sharjah,24 Mar 2019,Australia
lost,80 runs,lost,2nd,v Australia,Abu Dhabi,27 Mar 2019,Pakistan
won,80 runs,won,1st,v Pakistan,Abu Dhabi,27 Mar 2019,Australia
lost,6 runs,won,2nd,v Australia,Dubai (DSC),29 Mar 2019,Pakistan
won,6 runs,lost,1st,v Pakistan,Dubai (DSC),29 Mar 2019,Australia
lost,20 runs,won,2nd,v Australia,Dubai (DSC),31 Mar 2019,Pakistan
won,20 runs,lost,1st,v Pakistan,Dubai (DSC),31 Mar 2019,Australia
won,4 wickets,won,2nd,v Ireland,Dublin (Malahide),3 May 2019,England
won,196 runs,lost,1st,v Ireland,Dublin,5 May 2019,WestIndies
lost,8 wickets,won,1st,v Bangladesh,Dublin,7 May 2019,WestIndies
won,8 wickets,lost,2nd,v West Indies,Dublin,7 May 2019,Bangladesh
aban,-,-,-,v Scotland,Edinburgh,8 May 2019,Afghanistan
n/r,-,lost,1st,v England,The Oval,8 May 2019,Pakistan
n/r,-,won,2nd,v Pakistan,The Oval,8 May 2019,England
aban,-,-,-,v Ireland,Dublin (Malahide),9 May 2019,Bangladesh
won,2 runs,lost,2nd,v Scotland,Edinburgh,10 May 2019,Afghanistan
won,5 wickets,lost,2nd,v Ireland,Dublin (Malahide),11 May 2019,WestIndies
lost,12 runs,won,2nd,v England,Southampton,11 May 2019,Pakistan
won,12 runs,lost,1st,v Pakistan,Southampton,11 May 2019,England
lost,5 wickets,won,1st,v Bangladesh,Dublin (Malahide),13 May 2019,WestIndies
won,5 wickets,lost,2nd,v West Indies,Dublin (Malahide),13 May 2019,Bangladesh
lost,6 wickets,lost,1st,v England,Bristol,14 May 2019,Pakistan
won,6 wickets,won,2nd,v Pakistan,Bristol,14 May 2019,England
won,6 wickets,lost,2nd,v Ireland,Dublin,15 May 2019,Bangladesh
lost,5 wickets,lost,1st,v Bangladesh,Dublin (Malahide),17 May 2019,WestIndies
won,5 wickets,won,2nd,v West Indies,Dublin (Malahide),17 May 2019,Bangladesh
lost,3 wickets,lost,1st,v England,Nottingham,17 May 2019,Pakistan
won,3 wickets,won,2nd,v Pakistan,Nottingham,17 May 2019,England
aban,-,-,-,v Scotland,Edinburgh,18 May 2019,SriLanka
-,-,won,2nd,v Ireland,Belfast,19 May 2019,Afghanistan
-,-,lost,2nd,v England,Leeds,19 May 2019,Pakistan
-,-,won,1st,v Pakistan,Leeds,19 May 2019,England
